[2025-08-19T16:48:04.807+0200] {processor.py:161} INFO - Started process (PID=7627) to work on /Users/ehabhasan/.venvs/airflow310/lib/python3.10/site-packages/airflow/example_dags/example_xcomargs.py
[2025-08-19T16:48:04.808+0200] {processor.py:830} INFO - Processing file /Users/ehabhasan/.venvs/airflow310/lib/python3.10/site-packages/airflow/example_dags/example_xcomargs.py for tasks to queue
[2025-08-19T16:48:04.808+0200] {logging_mixin.py:188} INFO - [2025-08-19T16:48:04.808+0200] {dagbag.py:545} INFO - Filling up the DagBag from /Users/ehabhasan/.venvs/airflow310/lib/python3.10/site-packages/airflow/example_dags/example_xcomargs.py
[2025-08-19T16:48:04.822+0200] {processor.py:840} INFO - DAG(s) 'example_xcom_args', 'example_xcom_args_with_operators' retrieved from /Users/ehabhasan/.venvs/airflow310/lib/python3.10/site-packages/airflow/example_dags/example_xcomargs.py
[2025-08-19T16:48:04.827+0200] {logging_mixin.py:188} INFO - [2025-08-19T16:48:04.826+0200] {dag.py:3089} INFO - Sync 2 DAGs
[2025-08-19T16:48:04.855+0200] {logging_mixin.py:188} INFO - [2025-08-19T16:48:04.855+0200] {dag.py:3947} INFO - Setting next_dagrun for example_xcom_args to None, run_after=None
[2025-08-19T16:48:04.856+0200] {logging_mixin.py:188} INFO - [2025-08-19T16:48:04.856+0200] {dag.py:3947} INFO - Setting next_dagrun for example_xcom_args_with_operators to None, run_after=None
[2025-08-19T16:48:04.881+0200] {processor.py:183} INFO - Processing /Users/ehabhasan/.venvs/airflow310/lib/python3.10/site-packages/airflow/example_dags/example_xcomargs.py took 0.075 seconds
[2025-08-19T16:49:25.455+0200] {processor.py:161} INFO - Started process (PID=7686) to work on /Users/ehabhasan/.venvs/airflow310/lib/python3.10/site-packages/airflow/example_dags/example_xcomargs.py
[2025-08-19T16:49:25.456+0200] {processor.py:830} INFO - Processing file /Users/ehabhasan/.venvs/airflow310/lib/python3.10/site-packages/airflow/example_dags/example_xcomargs.py for tasks to queue
[2025-08-19T16:49:25.456+0200] {logging_mixin.py:188} INFO - [2025-08-19T16:49:25.456+0200] {dagbag.py:545} INFO - Filling up the DagBag from /Users/ehabhasan/.venvs/airflow310/lib/python3.10/site-packages/airflow/example_dags/example_xcomargs.py
[2025-08-19T16:49:25.470+0200] {processor.py:840} INFO - DAG(s) 'example_xcom_args', 'example_xcom_args_with_operators' retrieved from /Users/ehabhasan/.venvs/airflow310/lib/python3.10/site-packages/airflow/example_dags/example_xcomargs.py
[2025-08-19T16:49:25.555+0200] {logging_mixin.py:188} INFO - [2025-08-19T16:49:25.555+0200] {dag.py:3089} INFO - Sync 2 DAGs
[2025-08-19T16:49:25.558+0200] {logging_mixin.py:188} INFO - [2025-08-19T16:49:25.558+0200] {dag.py:3947} INFO - Setting next_dagrun for example_xcom_args to None, run_after=None
[2025-08-19T16:49:25.559+0200] {logging_mixin.py:188} INFO - [2025-08-19T16:49:25.559+0200] {dag.py:3947} INFO - Setting next_dagrun for example_xcom_args_with_operators to None, run_after=None
[2025-08-19T16:49:25.566+0200] {processor.py:183} INFO - Processing /Users/ehabhasan/.venvs/airflow310/lib/python3.10/site-packages/airflow/example_dags/example_xcomargs.py took 0.112 seconds
[2025-08-19T16:50:13.059+0200] {processor.py:161} INFO - Started process (PID=7722) to work on /Users/ehabhasan/.venvs/airflow310/lib/python3.10/site-packages/airflow/example_dags/example_xcomargs.py
[2025-08-19T16:50:13.060+0200] {processor.py:830} INFO - Processing file /Users/ehabhasan/.venvs/airflow310/lib/python3.10/site-packages/airflow/example_dags/example_xcomargs.py for tasks to queue
[2025-08-19T16:50:13.060+0200] {logging_mixin.py:188} INFO - [2025-08-19T16:50:13.060+0200] {dagbag.py:545} INFO - Filling up the DagBag from /Users/ehabhasan/.venvs/airflow310/lib/python3.10/site-packages/airflow/example_dags/example_xcomargs.py
[2025-08-19T16:50:13.074+0200] {processor.py:840} INFO - DAG(s) 'example_xcom_args', 'example_xcom_args_with_operators' retrieved from /Users/ehabhasan/.venvs/airflow310/lib/python3.10/site-packages/airflow/example_dags/example_xcomargs.py
[2025-08-19T16:50:13.110+0200] {logging_mixin.py:188} INFO - [2025-08-19T16:50:13.110+0200] {dag.py:3089} INFO - Sync 2 DAGs
[2025-08-19T16:50:13.133+0200] {logging_mixin.py:188} INFO - [2025-08-19T16:50:13.133+0200] {dag.py:3947} INFO - Setting next_dagrun for example_xcom_args to None, run_after=None
[2025-08-19T16:50:13.134+0200] {logging_mixin.py:188} INFO - [2025-08-19T16:50:13.134+0200] {dag.py:3947} INFO - Setting next_dagrun for example_xcom_args_with_operators to None, run_after=None
[2025-08-19T16:50:13.140+0200] {processor.py:183} INFO - Processing /Users/ehabhasan/.venvs/airflow310/lib/python3.10/site-packages/airflow/example_dags/example_xcomargs.py took 0.083 seconds
[2025-08-19T16:50:57.778+0200] {processor.py:161} INFO - Started process (PID=7757) to work on /Users/ehabhasan/.venvs/airflow310/lib/python3.10/site-packages/airflow/example_dags/example_xcomargs.py
[2025-08-19T16:50:57.779+0200] {processor.py:830} INFO - Processing file /Users/ehabhasan/.venvs/airflow310/lib/python3.10/site-packages/airflow/example_dags/example_xcomargs.py for tasks to queue
[2025-08-19T16:50:57.779+0200] {logging_mixin.py:188} INFO - [2025-08-19T16:50:57.779+0200] {dagbag.py:545} INFO - Filling up the DagBag from /Users/ehabhasan/.venvs/airflow310/lib/python3.10/site-packages/airflow/example_dags/example_xcomargs.py
[2025-08-19T16:50:57.792+0200] {processor.py:840} INFO - DAG(s) 'example_xcom_args', 'example_xcom_args_with_operators' retrieved from /Users/ehabhasan/.venvs/airflow310/lib/python3.10/site-packages/airflow/example_dags/example_xcomargs.py
[2025-08-19T16:50:57.828+0200] {logging_mixin.py:188} INFO - [2025-08-19T16:50:57.828+0200] {dag.py:3089} INFO - Sync 2 DAGs
[2025-08-19T16:50:57.851+0200] {logging_mixin.py:188} INFO - [2025-08-19T16:50:57.851+0200] {dag.py:3947} INFO - Setting next_dagrun for example_xcom_args to None, run_after=None
[2025-08-19T16:50:57.852+0200] {logging_mixin.py:188} INFO - [2025-08-19T16:50:57.852+0200] {dag.py:3947} INFO - Setting next_dagrun for example_xcom_args_with_operators to None, run_after=None
[2025-08-19T16:50:57.858+0200] {processor.py:183} INFO - Processing /Users/ehabhasan/.venvs/airflow310/lib/python3.10/site-packages/airflow/example_dags/example_xcomargs.py took 0.081 seconds
[2025-08-19T16:51:47.669+0200] {processor.py:161} INFO - Started process (PID=7788) to work on /Users/ehabhasan/.venvs/airflow310/lib/python3.10/site-packages/airflow/example_dags/example_xcomargs.py
[2025-08-19T16:51:47.670+0200] {processor.py:830} INFO - Processing file /Users/ehabhasan/.venvs/airflow310/lib/python3.10/site-packages/airflow/example_dags/example_xcomargs.py for tasks to queue
[2025-08-19T16:51:47.670+0200] {logging_mixin.py:188} INFO - [2025-08-19T16:51:47.670+0200] {dagbag.py:545} INFO - Filling up the DagBag from /Users/ehabhasan/.venvs/airflow310/lib/python3.10/site-packages/airflow/example_dags/example_xcomargs.py
[2025-08-19T16:51:47.684+0200] {processor.py:840} INFO - DAG(s) 'example_xcom_args_with_operators', 'example_xcom_args' retrieved from /Users/ehabhasan/.venvs/airflow310/lib/python3.10/site-packages/airflow/example_dags/example_xcomargs.py
[2025-08-19T16:51:47.720+0200] {logging_mixin.py:188} INFO - [2025-08-19T16:51:47.720+0200] {dag.py:3089} INFO - Sync 2 DAGs
[2025-08-19T16:51:47.742+0200] {logging_mixin.py:188} INFO - [2025-08-19T16:51:47.742+0200] {dag.py:3947} INFO - Setting next_dagrun for example_xcom_args to None, run_after=None
[2025-08-19T16:51:47.743+0200] {logging_mixin.py:188} INFO - [2025-08-19T16:51:47.743+0200] {dag.py:3947} INFO - Setting next_dagrun for example_xcom_args_with_operators to None, run_after=None
[2025-08-19T16:51:47.749+0200] {processor.py:183} INFO - Processing /Users/ehabhasan/.venvs/airflow310/lib/python3.10/site-packages/airflow/example_dags/example_xcomargs.py took 0.082 seconds
[2025-08-19T16:52:36.922+0200] {processor.py:161} INFO - Started process (PID=7826) to work on /Users/ehabhasan/.venvs/airflow310/lib/python3.10/site-packages/airflow/example_dags/example_xcomargs.py
[2025-08-19T16:52:36.922+0200] {processor.py:830} INFO - Processing file /Users/ehabhasan/.venvs/airflow310/lib/python3.10/site-packages/airflow/example_dags/example_xcomargs.py for tasks to queue
[2025-08-19T16:52:36.923+0200] {logging_mixin.py:188} INFO - [2025-08-19T16:52:36.923+0200] {dagbag.py:545} INFO - Filling up the DagBag from /Users/ehabhasan/.venvs/airflow310/lib/python3.10/site-packages/airflow/example_dags/example_xcomargs.py
[2025-08-19T16:52:36.937+0200] {processor.py:840} INFO - DAG(s) 'example_xcom_args_with_operators', 'example_xcom_args' retrieved from /Users/ehabhasan/.venvs/airflow310/lib/python3.10/site-packages/airflow/example_dags/example_xcomargs.py
[2025-08-19T16:52:36.972+0200] {logging_mixin.py:188} INFO - [2025-08-19T16:52:36.971+0200] {dag.py:3089} INFO - Sync 2 DAGs
[2025-08-19T16:52:36.994+0200] {logging_mixin.py:188} INFO - [2025-08-19T16:52:36.994+0200] {dag.py:3947} INFO - Setting next_dagrun for example_xcom_args to None, run_after=None
[2025-08-19T16:52:36.995+0200] {logging_mixin.py:188} INFO - [2025-08-19T16:52:36.995+0200] {dag.py:3947} INFO - Setting next_dagrun for example_xcom_args_with_operators to None, run_after=None
[2025-08-19T16:52:37.001+0200] {processor.py:183} INFO - Processing /Users/ehabhasan/.venvs/airflow310/lib/python3.10/site-packages/airflow/example_dags/example_xcomargs.py took 0.081 seconds
[2025-08-19T16:53:27.860+0200] {processor.py:161} INFO - Started process (PID=7864) to work on /Users/ehabhasan/.venvs/airflow310/lib/python3.10/site-packages/airflow/example_dags/example_xcomargs.py
[2025-08-19T16:53:27.861+0200] {processor.py:830} INFO - Processing file /Users/ehabhasan/.venvs/airflow310/lib/python3.10/site-packages/airflow/example_dags/example_xcomargs.py for tasks to queue
[2025-08-19T16:53:27.861+0200] {logging_mixin.py:188} INFO - [2025-08-19T16:53:27.861+0200] {dagbag.py:545} INFO - Filling up the DagBag from /Users/ehabhasan/.venvs/airflow310/lib/python3.10/site-packages/airflow/example_dags/example_xcomargs.py
[2025-08-19T16:53:27.874+0200] {processor.py:840} INFO - DAG(s) 'example_xcom_args', 'example_xcom_args_with_operators' retrieved from /Users/ehabhasan/.venvs/airflow310/lib/python3.10/site-packages/airflow/example_dags/example_xcomargs.py
[2025-08-19T16:53:27.910+0200] {logging_mixin.py:188} INFO - [2025-08-19T16:53:27.910+0200] {dag.py:3089} INFO - Sync 2 DAGs
[2025-08-19T16:53:27.933+0200] {logging_mixin.py:188} INFO - [2025-08-19T16:53:27.933+0200] {dag.py:3947} INFO - Setting next_dagrun for example_xcom_args to None, run_after=None
[2025-08-19T16:53:27.934+0200] {logging_mixin.py:188} INFO - [2025-08-19T16:53:27.934+0200] {dag.py:3947} INFO - Setting next_dagrun for example_xcom_args_with_operators to None, run_after=None
[2025-08-19T16:53:27.940+0200] {processor.py:183} INFO - Processing /Users/ehabhasan/.venvs/airflow310/lib/python3.10/site-packages/airflow/example_dags/example_xcomargs.py took 0.081 seconds
[2025-08-19T16:54:15.210+0200] {processor.py:161} INFO - Started process (PID=7925) to work on /Users/ehabhasan/.venvs/airflow310/lib/python3.10/site-packages/airflow/example_dags/example_xcomargs.py
[2025-08-19T16:54:15.211+0200] {processor.py:830} INFO - Processing file /Users/ehabhasan/.venvs/airflow310/lib/python3.10/site-packages/airflow/example_dags/example_xcomargs.py for tasks to queue
[2025-08-19T16:54:15.211+0200] {logging_mixin.py:188} INFO - [2025-08-19T16:54:15.211+0200] {dagbag.py:545} INFO - Filling up the DagBag from /Users/ehabhasan/.venvs/airflow310/lib/python3.10/site-packages/airflow/example_dags/example_xcomargs.py
[2025-08-19T16:54:15.225+0200] {processor.py:840} INFO - DAG(s) 'example_xcom_args', 'example_xcom_args_with_operators' retrieved from /Users/ehabhasan/.venvs/airflow310/lib/python3.10/site-packages/airflow/example_dags/example_xcomargs.py
[2025-08-19T16:54:15.259+0200] {logging_mixin.py:188} INFO - [2025-08-19T16:54:15.259+0200] {dag.py:3089} INFO - Sync 2 DAGs
[2025-08-19T16:54:15.283+0200] {logging_mixin.py:188} INFO - [2025-08-19T16:54:15.283+0200] {dag.py:3947} INFO - Setting next_dagrun for example_xcom_args to None, run_after=None
[2025-08-19T16:54:15.284+0200] {logging_mixin.py:188} INFO - [2025-08-19T16:54:15.284+0200] {dag.py:3947} INFO - Setting next_dagrun for example_xcom_args_with_operators to None, run_after=None
[2025-08-19T16:54:15.290+0200] {processor.py:183} INFO - Processing /Users/ehabhasan/.venvs/airflow310/lib/python3.10/site-packages/airflow/example_dags/example_xcomargs.py took 0.081 seconds
[2025-08-19T16:55:02.693+0200] {processor.py:161} INFO - Started process (PID=7973) to work on /Users/ehabhasan/.venvs/airflow310/lib/python3.10/site-packages/airflow/example_dags/example_xcomargs.py
[2025-08-19T16:55:02.694+0200] {processor.py:830} INFO - Processing file /Users/ehabhasan/.venvs/airflow310/lib/python3.10/site-packages/airflow/example_dags/example_xcomargs.py for tasks to queue
[2025-08-19T16:55:02.694+0200] {logging_mixin.py:188} INFO - [2025-08-19T16:55:02.694+0200] {dagbag.py:545} INFO - Filling up the DagBag from /Users/ehabhasan/.venvs/airflow310/lib/python3.10/site-packages/airflow/example_dags/example_xcomargs.py
[2025-08-19T16:55:02.707+0200] {processor.py:840} INFO - DAG(s) 'example_xcom_args', 'example_xcom_args_with_operators' retrieved from /Users/ehabhasan/.venvs/airflow310/lib/python3.10/site-packages/airflow/example_dags/example_xcomargs.py
[2025-08-19T16:55:02.742+0200] {logging_mixin.py:188} INFO - [2025-08-19T16:55:02.742+0200] {dag.py:3089} INFO - Sync 2 DAGs
[2025-08-19T16:55:02.765+0200] {logging_mixin.py:188} INFO - [2025-08-19T16:55:02.765+0200] {dag.py:3947} INFO - Setting next_dagrun for example_xcom_args to None, run_after=None
[2025-08-19T16:55:02.766+0200] {logging_mixin.py:188} INFO - [2025-08-19T16:55:02.766+0200] {dag.py:3947} INFO - Setting next_dagrun for example_xcom_args_with_operators to None, run_after=None
[2025-08-19T16:55:02.772+0200] {processor.py:183} INFO - Processing /Users/ehabhasan/.venvs/airflow310/lib/python3.10/site-packages/airflow/example_dags/example_xcomargs.py took 0.081 seconds
[2025-08-19T16:55:50.379+0200] {processor.py:161} INFO - Started process (PID=8005) to work on /Users/ehabhasan/.venvs/airflow310/lib/python3.10/site-packages/airflow/example_dags/example_xcomargs.py
[2025-08-19T16:55:50.380+0200] {processor.py:830} INFO - Processing file /Users/ehabhasan/.venvs/airflow310/lib/python3.10/site-packages/airflow/example_dags/example_xcomargs.py for tasks to queue
[2025-08-19T16:55:50.380+0200] {logging_mixin.py:188} INFO - [2025-08-19T16:55:50.380+0200] {dagbag.py:545} INFO - Filling up the DagBag from /Users/ehabhasan/.venvs/airflow310/lib/python3.10/site-packages/airflow/example_dags/example_xcomargs.py
[2025-08-19T16:55:50.393+0200] {processor.py:840} INFO - DAG(s) 'example_xcom_args_with_operators', 'example_xcom_args' retrieved from /Users/ehabhasan/.venvs/airflow310/lib/python3.10/site-packages/airflow/example_dags/example_xcomargs.py
[2025-08-19T16:55:50.429+0200] {logging_mixin.py:188} INFO - [2025-08-19T16:55:50.428+0200] {dag.py:3089} INFO - Sync 2 DAGs
[2025-08-19T16:55:50.452+0200] {logging_mixin.py:188} INFO - [2025-08-19T16:55:50.451+0200] {dag.py:3947} INFO - Setting next_dagrun for example_xcom_args to None, run_after=None
[2025-08-19T16:55:50.453+0200] {logging_mixin.py:188} INFO - [2025-08-19T16:55:50.452+0200] {dag.py:3947} INFO - Setting next_dagrun for example_xcom_args_with_operators to None, run_after=None
[2025-08-19T16:55:50.458+0200] {processor.py:183} INFO - Processing /Users/ehabhasan/.venvs/airflow310/lib/python3.10/site-packages/airflow/example_dags/example_xcomargs.py took 0.081 seconds
[2025-08-19T16:56:43.610+0200] {processor.py:161} INFO - Started process (PID=8045) to work on /Users/ehabhasan/.venvs/airflow310/lib/python3.10/site-packages/airflow/example_dags/example_xcomargs.py
[2025-08-19T16:56:43.610+0200] {processor.py:830} INFO - Processing file /Users/ehabhasan/.venvs/airflow310/lib/python3.10/site-packages/airflow/example_dags/example_xcomargs.py for tasks to queue
[2025-08-19T16:56:43.610+0200] {logging_mixin.py:188} INFO - [2025-08-19T16:56:43.610+0200] {dagbag.py:545} INFO - Filling up the DagBag from /Users/ehabhasan/.venvs/airflow310/lib/python3.10/site-packages/airflow/example_dags/example_xcomargs.py
[2025-08-19T16:56:43.624+0200] {processor.py:840} INFO - DAG(s) 'example_xcom_args', 'example_xcom_args_with_operators' retrieved from /Users/ehabhasan/.venvs/airflow310/lib/python3.10/site-packages/airflow/example_dags/example_xcomargs.py
[2025-08-19T16:56:43.659+0200] {logging_mixin.py:188} INFO - [2025-08-19T16:56:43.659+0200] {dag.py:3089} INFO - Sync 2 DAGs
[2025-08-19T16:56:43.682+0200] {logging_mixin.py:188} INFO - [2025-08-19T16:56:43.682+0200] {dag.py:3947} INFO - Setting next_dagrun for example_xcom_args to None, run_after=None
[2025-08-19T16:56:43.683+0200] {logging_mixin.py:188} INFO - [2025-08-19T16:56:43.683+0200] {dag.py:3947} INFO - Setting next_dagrun for example_xcom_args_with_operators to None, run_after=None
[2025-08-19T16:56:43.689+0200] {processor.py:183} INFO - Processing /Users/ehabhasan/.venvs/airflow310/lib/python3.10/site-packages/airflow/example_dags/example_xcomargs.py took 0.081 seconds
[2025-08-19T16:57:37.874+0200] {processor.py:161} INFO - Started process (PID=8084) to work on /Users/ehabhasan/.venvs/airflow310/lib/python3.10/site-packages/airflow/example_dags/example_xcomargs.py
[2025-08-19T16:57:37.874+0200] {processor.py:830} INFO - Processing file /Users/ehabhasan/.venvs/airflow310/lib/python3.10/site-packages/airflow/example_dags/example_xcomargs.py for tasks to queue
[2025-08-19T16:57:37.874+0200] {logging_mixin.py:188} INFO - [2025-08-19T16:57:37.874+0200] {dagbag.py:545} INFO - Filling up the DagBag from /Users/ehabhasan/.venvs/airflow310/lib/python3.10/site-packages/airflow/example_dags/example_xcomargs.py
[2025-08-19T16:57:37.888+0200] {processor.py:840} INFO - DAG(s) 'example_xcom_args_with_operators', 'example_xcom_args' retrieved from /Users/ehabhasan/.venvs/airflow310/lib/python3.10/site-packages/airflow/example_dags/example_xcomargs.py
[2025-08-19T16:57:37.924+0200] {logging_mixin.py:188} INFO - [2025-08-19T16:57:37.923+0200] {dag.py:3089} INFO - Sync 2 DAGs
[2025-08-19T16:57:37.947+0200] {logging_mixin.py:188} INFO - [2025-08-19T16:57:37.947+0200] {dag.py:3947} INFO - Setting next_dagrun for example_xcom_args to None, run_after=None
[2025-08-19T16:57:37.948+0200] {logging_mixin.py:188} INFO - [2025-08-19T16:57:37.948+0200] {dag.py:3947} INFO - Setting next_dagrun for example_xcom_args_with_operators to None, run_after=None
[2025-08-19T16:57:37.954+0200] {processor.py:183} INFO - Processing /Users/ehabhasan/.venvs/airflow310/lib/python3.10/site-packages/airflow/example_dags/example_xcomargs.py took 0.082 seconds
[2025-08-19T16:58:27.240+0200] {processor.py:161} INFO - Started process (PID=8122) to work on /Users/ehabhasan/.venvs/airflow310/lib/python3.10/site-packages/airflow/example_dags/example_xcomargs.py
[2025-08-19T16:58:27.240+0200] {processor.py:830} INFO - Processing file /Users/ehabhasan/.venvs/airflow310/lib/python3.10/site-packages/airflow/example_dags/example_xcomargs.py for tasks to queue
[2025-08-19T16:58:27.241+0200] {logging_mixin.py:188} INFO - [2025-08-19T16:58:27.241+0200] {dagbag.py:545} INFO - Filling up the DagBag from /Users/ehabhasan/.venvs/airflow310/lib/python3.10/site-packages/airflow/example_dags/example_xcomargs.py
[2025-08-19T16:58:27.254+0200] {processor.py:840} INFO - DAG(s) 'example_xcom_args', 'example_xcom_args_with_operators' retrieved from /Users/ehabhasan/.venvs/airflow310/lib/python3.10/site-packages/airflow/example_dags/example_xcomargs.py
[2025-08-19T16:58:27.289+0200] {logging_mixin.py:188} INFO - [2025-08-19T16:58:27.289+0200] {dag.py:3089} INFO - Sync 2 DAGs
[2025-08-19T16:58:27.312+0200] {logging_mixin.py:188} INFO - [2025-08-19T16:58:27.312+0200] {dag.py:3947} INFO - Setting next_dagrun for example_xcom_args to None, run_after=None
[2025-08-19T16:58:27.313+0200] {logging_mixin.py:188} INFO - [2025-08-19T16:58:27.313+0200] {dag.py:3947} INFO - Setting next_dagrun for example_xcom_args_with_operators to None, run_after=None
[2025-08-19T16:58:27.319+0200] {processor.py:183} INFO - Processing /Users/ehabhasan/.venvs/airflow310/lib/python3.10/site-packages/airflow/example_dags/example_xcomargs.py took 0.080 seconds
[2025-08-19T16:59:44.729+0200] {processor.py:161} INFO - Started process (PID=8180) to work on /Users/ehabhasan/.venvs/airflow310/lib/python3.10/site-packages/airflow/example_dags/example_xcomargs.py
[2025-08-19T16:59:44.730+0200] {processor.py:830} INFO - Processing file /Users/ehabhasan/.venvs/airflow310/lib/python3.10/site-packages/airflow/example_dags/example_xcomargs.py for tasks to queue
[2025-08-19T16:59:44.730+0200] {logging_mixin.py:188} INFO - [2025-08-19T16:59:44.730+0200] {dagbag.py:545} INFO - Filling up the DagBag from /Users/ehabhasan/.venvs/airflow310/lib/python3.10/site-packages/airflow/example_dags/example_xcomargs.py
[2025-08-19T16:59:44.744+0200] {processor.py:840} INFO - DAG(s) 'example_xcom_args', 'example_xcom_args_with_operators' retrieved from /Users/ehabhasan/.venvs/airflow310/lib/python3.10/site-packages/airflow/example_dags/example_xcomargs.py
[2025-08-19T16:59:44.779+0200] {logging_mixin.py:188} INFO - [2025-08-19T16:59:44.779+0200] {dag.py:3089} INFO - Sync 2 DAGs
[2025-08-19T16:59:44.803+0200] {logging_mixin.py:188} INFO - [2025-08-19T16:59:44.803+0200] {dag.py:3947} INFO - Setting next_dagrun for example_xcom_args to None, run_after=None
[2025-08-19T16:59:44.804+0200] {logging_mixin.py:188} INFO - [2025-08-19T16:59:44.804+0200] {dag.py:3947} INFO - Setting next_dagrun for example_xcom_args_with_operators to None, run_after=None
[2025-08-19T16:59:44.810+0200] {processor.py:183} INFO - Processing /Users/ehabhasan/.venvs/airflow310/lib/python3.10/site-packages/airflow/example_dags/example_xcomargs.py took 0.083 seconds
[2025-08-19T17:00:39.605+0200] {processor.py:161} INFO - Started process (PID=8236) to work on /Users/ehabhasan/.venvs/airflow310/lib/python3.10/site-packages/airflow/example_dags/example_xcomargs.py
[2025-08-19T17:00:39.606+0200] {processor.py:830} INFO - Processing file /Users/ehabhasan/.venvs/airflow310/lib/python3.10/site-packages/airflow/example_dags/example_xcomargs.py for tasks to queue
[2025-08-19T17:00:39.606+0200] {logging_mixin.py:188} INFO - [2025-08-19T17:00:39.606+0200] {dagbag.py:545} INFO - Filling up the DagBag from /Users/ehabhasan/.venvs/airflow310/lib/python3.10/site-packages/airflow/example_dags/example_xcomargs.py
[2025-08-19T17:00:39.619+0200] {processor.py:840} INFO - DAG(s) 'example_xcom_args', 'example_xcom_args_with_operators' retrieved from /Users/ehabhasan/.venvs/airflow310/lib/python3.10/site-packages/airflow/example_dags/example_xcomargs.py
[2025-08-19T17:00:39.655+0200] {logging_mixin.py:188} INFO - [2025-08-19T17:00:39.655+0200] {dag.py:3089} INFO - Sync 2 DAGs
[2025-08-19T17:00:39.678+0200] {logging_mixin.py:188} INFO - [2025-08-19T17:00:39.678+0200] {dag.py:3947} INFO - Setting next_dagrun for example_xcom_args to None, run_after=None
[2025-08-19T17:00:39.679+0200] {logging_mixin.py:188} INFO - [2025-08-19T17:00:39.679+0200] {dag.py:3947} INFO - Setting next_dagrun for example_xcom_args_with_operators to None, run_after=None
[2025-08-19T17:00:39.685+0200] {processor.py:183} INFO - Processing /Users/ehabhasan/.venvs/airflow310/lib/python3.10/site-packages/airflow/example_dags/example_xcomargs.py took 0.082 seconds
[2025-08-19T17:01:34.821+0200] {processor.py:161} INFO - Started process (PID=8278) to work on /Users/ehabhasan/.venvs/airflow310/lib/python3.10/site-packages/airflow/example_dags/example_xcomargs.py
[2025-08-19T17:01:34.822+0200] {processor.py:830} INFO - Processing file /Users/ehabhasan/.venvs/airflow310/lib/python3.10/site-packages/airflow/example_dags/example_xcomargs.py for tasks to queue
[2025-08-19T17:01:34.822+0200] {logging_mixin.py:188} INFO - [2025-08-19T17:01:34.822+0200] {dagbag.py:545} INFO - Filling up the DagBag from /Users/ehabhasan/.venvs/airflow310/lib/python3.10/site-packages/airflow/example_dags/example_xcomargs.py
[2025-08-19T17:01:34.835+0200] {processor.py:840} INFO - DAG(s) 'example_xcom_args_with_operators', 'example_xcom_args' retrieved from /Users/ehabhasan/.venvs/airflow310/lib/python3.10/site-packages/airflow/example_dags/example_xcomargs.py
[2025-08-19T17:01:34.871+0200] {logging_mixin.py:188} INFO - [2025-08-19T17:01:34.871+0200] {dag.py:3089} INFO - Sync 2 DAGs
[2025-08-19T17:01:34.894+0200] {logging_mixin.py:188} INFO - [2025-08-19T17:01:34.894+0200] {dag.py:3947} INFO - Setting next_dagrun for example_xcom_args to None, run_after=None
[2025-08-19T17:01:34.895+0200] {logging_mixin.py:188} INFO - [2025-08-19T17:01:34.895+0200] {dag.py:3947} INFO - Setting next_dagrun for example_xcom_args_with_operators to None, run_after=None
[2025-08-19T17:01:34.901+0200] {processor.py:183} INFO - Processing /Users/ehabhasan/.venvs/airflow310/lib/python3.10/site-packages/airflow/example_dags/example_xcomargs.py took 0.081 seconds
[2025-08-19T17:02:28.750+0200] {processor.py:161} INFO - Started process (PID=8323) to work on /Users/ehabhasan/.venvs/airflow310/lib/python3.10/site-packages/airflow/example_dags/example_xcomargs.py
[2025-08-19T17:02:28.750+0200] {processor.py:830} INFO - Processing file /Users/ehabhasan/.venvs/airflow310/lib/python3.10/site-packages/airflow/example_dags/example_xcomargs.py for tasks to queue
[2025-08-19T17:02:28.751+0200] {logging_mixin.py:188} INFO - [2025-08-19T17:02:28.750+0200] {dagbag.py:545} INFO - Filling up the DagBag from /Users/ehabhasan/.venvs/airflow310/lib/python3.10/site-packages/airflow/example_dags/example_xcomargs.py
[2025-08-19T17:02:28.765+0200] {processor.py:840} INFO - DAG(s) 'example_xcom_args_with_operators', 'example_xcom_args' retrieved from /Users/ehabhasan/.venvs/airflow310/lib/python3.10/site-packages/airflow/example_dags/example_xcomargs.py
[2025-08-19T17:02:28.801+0200] {logging_mixin.py:188} INFO - [2025-08-19T17:02:28.801+0200] {dag.py:3089} INFO - Sync 2 DAGs
[2025-08-19T17:02:28.826+0200] {logging_mixin.py:188} INFO - [2025-08-19T17:02:28.826+0200] {dag.py:3947} INFO - Setting next_dagrun for example_xcom_args to None, run_after=None
[2025-08-19T17:02:28.827+0200] {logging_mixin.py:188} INFO - [2025-08-19T17:02:28.827+0200] {dag.py:3947} INFO - Setting next_dagrun for example_xcom_args_with_operators to None, run_after=None
[2025-08-19T17:02:28.833+0200] {processor.py:183} INFO - Processing /Users/ehabhasan/.venvs/airflow310/lib/python3.10/site-packages/airflow/example_dags/example_xcomargs.py took 0.085 seconds
[2025-08-19T17:03:17.738+0200] {processor.py:161} INFO - Started process (PID=8361) to work on /Users/ehabhasan/.venvs/airflow310/lib/python3.10/site-packages/airflow/example_dags/example_xcomargs.py
[2025-08-19T17:03:17.739+0200] {processor.py:830} INFO - Processing file /Users/ehabhasan/.venvs/airflow310/lib/python3.10/site-packages/airflow/example_dags/example_xcomargs.py for tasks to queue
[2025-08-19T17:03:17.739+0200] {logging_mixin.py:188} INFO - [2025-08-19T17:03:17.739+0200] {dagbag.py:545} INFO - Filling up the DagBag from /Users/ehabhasan/.venvs/airflow310/lib/python3.10/site-packages/airflow/example_dags/example_xcomargs.py
[2025-08-19T17:03:17.752+0200] {processor.py:840} INFO - DAG(s) 'example_xcom_args', 'example_xcom_args_with_operators' retrieved from /Users/ehabhasan/.venvs/airflow310/lib/python3.10/site-packages/airflow/example_dags/example_xcomargs.py
[2025-08-19T17:03:17.791+0200] {logging_mixin.py:188} INFO - [2025-08-19T17:03:17.791+0200] {dag.py:3089} INFO - Sync 2 DAGs
[2025-08-19T17:03:17.817+0200] {logging_mixin.py:188} INFO - [2025-08-19T17:03:17.816+0200] {dag.py:3947} INFO - Setting next_dagrun for example_xcom_args to None, run_after=None
[2025-08-19T17:03:17.818+0200] {logging_mixin.py:188} INFO - [2025-08-19T17:03:17.818+0200] {dag.py:3947} INFO - Setting next_dagrun for example_xcom_args_with_operators to None, run_after=None
[2025-08-19T17:03:17.824+0200] {processor.py:183} INFO - Processing /Users/ehabhasan/.venvs/airflow310/lib/python3.10/site-packages/airflow/example_dags/example_xcomargs.py took 0.087 seconds
[2025-08-19T17:04:03.982+0200] {processor.py:161} INFO - Started process (PID=8915) to work on /Users/ehabhasan/.venvs/airflow310/lib/python3.10/site-packages/airflow/example_dags/example_xcomargs.py
[2025-08-19T17:04:03.982+0200] {processor.py:830} INFO - Processing file /Users/ehabhasan/.venvs/airflow310/lib/python3.10/site-packages/airflow/example_dags/example_xcomargs.py for tasks to queue
[2025-08-19T17:04:03.982+0200] {logging_mixin.py:188} INFO - [2025-08-19T17:04:03.982+0200] {dagbag.py:545} INFO - Filling up the DagBag from /Users/ehabhasan/.venvs/airflow310/lib/python3.10/site-packages/airflow/example_dags/example_xcomargs.py
[2025-08-19T17:04:03.997+0200] {processor.py:840} INFO - DAG(s) 'example_xcom_args_with_operators', 'example_xcom_args' retrieved from /Users/ehabhasan/.venvs/airflow310/lib/python3.10/site-packages/airflow/example_dags/example_xcomargs.py
[2025-08-19T17:04:04.033+0200] {logging_mixin.py:188} INFO - [2025-08-19T17:04:04.033+0200] {dag.py:3089} INFO - Sync 2 DAGs
[2025-08-19T17:04:04.059+0200] {logging_mixin.py:188} INFO - [2025-08-19T17:04:04.059+0200] {dag.py:3947} INFO - Setting next_dagrun for example_xcom_args to None, run_after=None
[2025-08-19T17:04:04.060+0200] {logging_mixin.py:188} INFO - [2025-08-19T17:04:04.060+0200] {dag.py:3947} INFO - Setting next_dagrun for example_xcom_args_with_operators to None, run_after=None
[2025-08-19T17:04:04.066+0200] {processor.py:183} INFO - Processing /Users/ehabhasan/.venvs/airflow310/lib/python3.10/site-packages/airflow/example_dags/example_xcomargs.py took 0.086 seconds
[2025-08-19T17:04:54.236+0200] {processor.py:161} INFO - Started process (PID=8966) to work on /Users/ehabhasan/.venvs/airflow310/lib/python3.10/site-packages/airflow/example_dags/example_xcomargs.py
[2025-08-19T17:04:54.236+0200] {processor.py:830} INFO - Processing file /Users/ehabhasan/.venvs/airflow310/lib/python3.10/site-packages/airflow/example_dags/example_xcomargs.py for tasks to queue
[2025-08-19T17:04:54.237+0200] {logging_mixin.py:188} INFO - [2025-08-19T17:04:54.236+0200] {dagbag.py:545} INFO - Filling up the DagBag from /Users/ehabhasan/.venvs/airflow310/lib/python3.10/site-packages/airflow/example_dags/example_xcomargs.py
[2025-08-19T17:04:54.250+0200] {processor.py:840} INFO - DAG(s) 'example_xcom_args_with_operators', 'example_xcom_args' retrieved from /Users/ehabhasan/.venvs/airflow310/lib/python3.10/site-packages/airflow/example_dags/example_xcomargs.py
[2025-08-19T17:04:54.287+0200] {logging_mixin.py:188} INFO - [2025-08-19T17:04:54.287+0200] {dag.py:3089} INFO - Sync 2 DAGs
[2025-08-19T17:04:54.311+0200] {logging_mixin.py:188} INFO - [2025-08-19T17:04:54.311+0200] {dag.py:3947} INFO - Setting next_dagrun for example_xcom_args to None, run_after=None
[2025-08-19T17:04:54.312+0200] {logging_mixin.py:188} INFO - [2025-08-19T17:04:54.312+0200] {dag.py:3947} INFO - Setting next_dagrun for example_xcom_args_with_operators to None, run_after=None
[2025-08-19T17:04:54.318+0200] {processor.py:183} INFO - Processing /Users/ehabhasan/.venvs/airflow310/lib/python3.10/site-packages/airflow/example_dags/example_xcomargs.py took 0.084 seconds
[2025-08-19T17:05:47.372+0200] {processor.py:161} INFO - Started process (PID=9295) to work on /Users/ehabhasan/.venvs/airflow310/lib/python3.10/site-packages/airflow/example_dags/example_xcomargs.py
[2025-08-19T17:05:47.372+0200] {processor.py:830} INFO - Processing file /Users/ehabhasan/.venvs/airflow310/lib/python3.10/site-packages/airflow/example_dags/example_xcomargs.py for tasks to queue
[2025-08-19T17:05:47.372+0200] {logging_mixin.py:188} INFO - [2025-08-19T17:05:47.372+0200] {dagbag.py:545} INFO - Filling up the DagBag from /Users/ehabhasan/.venvs/airflow310/lib/python3.10/site-packages/airflow/example_dags/example_xcomargs.py
[2025-08-19T17:05:47.386+0200] {processor.py:840} INFO - DAG(s) 'example_xcom_args_with_operators', 'example_xcom_args' retrieved from /Users/ehabhasan/.venvs/airflow310/lib/python3.10/site-packages/airflow/example_dags/example_xcomargs.py
[2025-08-19T17:05:47.421+0200] {logging_mixin.py:188} INFO - [2025-08-19T17:05:47.421+0200] {dag.py:3089} INFO - Sync 2 DAGs
[2025-08-19T17:05:47.444+0200] {logging_mixin.py:188} INFO - [2025-08-19T17:05:47.444+0200] {dag.py:3947} INFO - Setting next_dagrun for example_xcom_args to None, run_after=None
[2025-08-19T17:05:47.445+0200] {logging_mixin.py:188} INFO - [2025-08-19T17:05:47.445+0200] {dag.py:3947} INFO - Setting next_dagrun for example_xcom_args_with_operators to None, run_after=None
[2025-08-19T17:05:47.451+0200] {processor.py:183} INFO - Processing /Users/ehabhasan/.venvs/airflow310/lib/python3.10/site-packages/airflow/example_dags/example_xcomargs.py took 0.081 seconds
[2025-08-19T17:06:39.359+0200] {processor.py:161} INFO - Started process (PID=9450) to work on /Users/ehabhasan/.venvs/airflow310/lib/python3.10/site-packages/airflow/example_dags/example_xcomargs.py
[2025-08-19T17:06:39.359+0200] {processor.py:830} INFO - Processing file /Users/ehabhasan/.venvs/airflow310/lib/python3.10/site-packages/airflow/example_dags/example_xcomargs.py for tasks to queue
[2025-08-19T17:06:39.360+0200] {logging_mixin.py:188} INFO - [2025-08-19T17:06:39.360+0200] {dagbag.py:545} INFO - Filling up the DagBag from /Users/ehabhasan/.venvs/airflow310/lib/python3.10/site-packages/airflow/example_dags/example_xcomargs.py
[2025-08-19T17:06:39.373+0200] {processor.py:840} INFO - DAG(s) 'example_xcom_args', 'example_xcom_args_with_operators' retrieved from /Users/ehabhasan/.venvs/airflow310/lib/python3.10/site-packages/airflow/example_dags/example_xcomargs.py
[2025-08-19T17:06:39.409+0200] {logging_mixin.py:188} INFO - [2025-08-19T17:06:39.409+0200] {dag.py:3089} INFO - Sync 2 DAGs
[2025-08-19T17:06:39.432+0200] {logging_mixin.py:188} INFO - [2025-08-19T17:06:39.432+0200] {dag.py:3947} INFO - Setting next_dagrun for example_xcom_args to None, run_after=None
[2025-08-19T17:06:39.433+0200] {logging_mixin.py:188} INFO - [2025-08-19T17:06:39.433+0200] {dag.py:3947} INFO - Setting next_dagrun for example_xcom_args_with_operators to None, run_after=None
[2025-08-19T17:06:39.439+0200] {processor.py:183} INFO - Processing /Users/ehabhasan/.venvs/airflow310/lib/python3.10/site-packages/airflow/example_dags/example_xcomargs.py took 0.082 seconds
[2025-08-19T17:07:32.712+0200] {processor.py:161} INFO - Started process (PID=10105) to work on /Users/ehabhasan/.venvs/airflow310/lib/python3.10/site-packages/airflow/example_dags/example_xcomargs.py
[2025-08-19T17:07:32.712+0200] {processor.py:830} INFO - Processing file /Users/ehabhasan/.venvs/airflow310/lib/python3.10/site-packages/airflow/example_dags/example_xcomargs.py for tasks to queue
[2025-08-19T17:07:32.713+0200] {logging_mixin.py:188} INFO - [2025-08-19T17:07:32.713+0200] {dagbag.py:545} INFO - Filling up the DagBag from /Users/ehabhasan/.venvs/airflow310/lib/python3.10/site-packages/airflow/example_dags/example_xcomargs.py
[2025-08-19T17:07:32.727+0200] {processor.py:840} INFO - DAG(s) 'example_xcom_args', 'example_xcom_args_with_operators' retrieved from /Users/ehabhasan/.venvs/airflow310/lib/python3.10/site-packages/airflow/example_dags/example_xcomargs.py
[2025-08-19T17:07:32.764+0200] {logging_mixin.py:188} INFO - [2025-08-19T17:07:32.764+0200] {dag.py:3089} INFO - Sync 2 DAGs
[2025-08-19T17:07:32.788+0200] {logging_mixin.py:188} INFO - [2025-08-19T17:07:32.788+0200] {dag.py:3947} INFO - Setting next_dagrun for example_xcom_args to None, run_after=None
[2025-08-19T17:07:32.789+0200] {logging_mixin.py:188} INFO - [2025-08-19T17:07:32.789+0200] {dag.py:3947} INFO - Setting next_dagrun for example_xcom_args_with_operators to None, run_after=None
[2025-08-19T17:07:32.795+0200] {processor.py:183} INFO - Processing /Users/ehabhasan/.venvs/airflow310/lib/python3.10/site-packages/airflow/example_dags/example_xcomargs.py took 0.085 seconds
[2025-08-19T17:08:26.925+0200] {processor.py:161} INFO - Started process (PID=10146) to work on /Users/ehabhasan/.venvs/airflow310/lib/python3.10/site-packages/airflow/example_dags/example_xcomargs.py
[2025-08-19T17:08:26.925+0200] {processor.py:830} INFO - Processing file /Users/ehabhasan/.venvs/airflow310/lib/python3.10/site-packages/airflow/example_dags/example_xcomargs.py for tasks to queue
[2025-08-19T17:08:26.926+0200] {logging_mixin.py:188} INFO - [2025-08-19T17:08:26.926+0200] {dagbag.py:545} INFO - Filling up the DagBag from /Users/ehabhasan/.venvs/airflow310/lib/python3.10/site-packages/airflow/example_dags/example_xcomargs.py
[2025-08-19T17:08:26.940+0200] {processor.py:840} INFO - DAG(s) 'example_xcom_args', 'example_xcom_args_with_operators' retrieved from /Users/ehabhasan/.venvs/airflow310/lib/python3.10/site-packages/airflow/example_dags/example_xcomargs.py
[2025-08-19T17:08:26.979+0200] {logging_mixin.py:188} INFO - [2025-08-19T17:08:26.979+0200] {dag.py:3089} INFO - Sync 2 DAGs
[2025-08-19T17:08:27.014+0200] {logging_mixin.py:188} INFO - [2025-08-19T17:08:27.014+0200] {dag.py:3947} INFO - Setting next_dagrun for example_xcom_args to None, run_after=None
[2025-08-19T17:08:27.016+0200] {logging_mixin.py:188} INFO - [2025-08-19T17:08:27.015+0200] {dag.py:3947} INFO - Setting next_dagrun for example_xcom_args_with_operators to None, run_after=None
[2025-08-19T17:08:27.022+0200] {processor.py:183} INFO - Processing /Users/ehabhasan/.venvs/airflow310/lib/python3.10/site-packages/airflow/example_dags/example_xcomargs.py took 0.099 seconds
[2025-08-19T17:09:24.533+0200] {processor.py:161} INFO - Started process (PID=10209) to work on /Users/ehabhasan/.venvs/airflow310/lib/python3.10/site-packages/airflow/example_dags/example_xcomargs.py
[2025-08-19T17:09:24.534+0200] {processor.py:830} INFO - Processing file /Users/ehabhasan/.venvs/airflow310/lib/python3.10/site-packages/airflow/example_dags/example_xcomargs.py for tasks to queue
[2025-08-19T17:09:24.534+0200] {logging_mixin.py:188} INFO - [2025-08-19T17:09:24.534+0200] {dagbag.py:545} INFO - Filling up the DagBag from /Users/ehabhasan/.venvs/airflow310/lib/python3.10/site-packages/airflow/example_dags/example_xcomargs.py
[2025-08-19T17:09:24.560+0200] {processor.py:840} INFO - DAG(s) 'example_xcom_args_with_operators', 'example_xcom_args' retrieved from /Users/ehabhasan/.venvs/airflow310/lib/python3.10/site-packages/airflow/example_dags/example_xcomargs.py
[2025-08-19T17:09:24.603+0200] {logging_mixin.py:188} INFO - [2025-08-19T17:09:24.603+0200] {dag.py:3089} INFO - Sync 2 DAGs
[2025-08-19T17:09:24.635+0200] {logging_mixin.py:188} INFO - [2025-08-19T17:09:24.634+0200] {dag.py:3947} INFO - Setting next_dagrun for example_xcom_args to None, run_after=None
[2025-08-19T17:09:24.636+0200] {logging_mixin.py:188} INFO - [2025-08-19T17:09:24.636+0200] {dag.py:3947} INFO - Setting next_dagrun for example_xcom_args_with_operators to None, run_after=None
[2025-08-19T17:09:24.643+0200] {processor.py:183} INFO - Processing /Users/ehabhasan/.venvs/airflow310/lib/python3.10/site-packages/airflow/example_dags/example_xcomargs.py took 0.114 seconds
[2025-08-19T17:10:18.552+0200] {processor.py:161} INFO - Started process (PID=10268) to work on /Users/ehabhasan/.venvs/airflow310/lib/python3.10/site-packages/airflow/example_dags/example_xcomargs.py
[2025-08-19T17:10:18.552+0200] {processor.py:830} INFO - Processing file /Users/ehabhasan/.venvs/airflow310/lib/python3.10/site-packages/airflow/example_dags/example_xcomargs.py for tasks to queue
[2025-08-19T17:10:18.553+0200] {logging_mixin.py:188} INFO - [2025-08-19T17:10:18.553+0200] {dagbag.py:545} INFO - Filling up the DagBag from /Users/ehabhasan/.venvs/airflow310/lib/python3.10/site-packages/airflow/example_dags/example_xcomargs.py
[2025-08-19T17:10:18.567+0200] {processor.py:840} INFO - DAG(s) 'example_xcom_args_with_operators', 'example_xcom_args' retrieved from /Users/ehabhasan/.venvs/airflow310/lib/python3.10/site-packages/airflow/example_dags/example_xcomargs.py
[2025-08-19T17:10:18.603+0200] {logging_mixin.py:188} INFO - [2025-08-19T17:10:18.603+0200] {dag.py:3089} INFO - Sync 2 DAGs
[2025-08-19T17:10:18.627+0200] {logging_mixin.py:188} INFO - [2025-08-19T17:10:18.627+0200] {dag.py:3947} INFO - Setting next_dagrun for example_xcom_args to None, run_after=None
[2025-08-19T17:10:18.628+0200] {logging_mixin.py:188} INFO - [2025-08-19T17:10:18.628+0200] {dag.py:3947} INFO - Setting next_dagrun for example_xcom_args_with_operators to None, run_after=None
[2025-08-19T17:10:18.634+0200] {processor.py:183} INFO - Processing /Users/ehabhasan/.venvs/airflow310/lib/python3.10/site-packages/airflow/example_dags/example_xcomargs.py took 0.086 seconds
[2025-08-19T17:11:09.781+0200] {processor.py:161} INFO - Started process (PID=10305) to work on /Users/ehabhasan/.venvs/airflow310/lib/python3.10/site-packages/airflow/example_dags/example_xcomargs.py
[2025-08-19T17:11:09.782+0200] {processor.py:830} INFO - Processing file /Users/ehabhasan/.venvs/airflow310/lib/python3.10/site-packages/airflow/example_dags/example_xcomargs.py for tasks to queue
[2025-08-19T17:11:09.782+0200] {logging_mixin.py:188} INFO - [2025-08-19T17:11:09.782+0200] {dagbag.py:545} INFO - Filling up the DagBag from /Users/ehabhasan/.venvs/airflow310/lib/python3.10/site-packages/airflow/example_dags/example_xcomargs.py
[2025-08-19T17:11:09.795+0200] {processor.py:840} INFO - DAG(s) 'example_xcom_args', 'example_xcom_args_with_operators' retrieved from /Users/ehabhasan/.venvs/airflow310/lib/python3.10/site-packages/airflow/example_dags/example_xcomargs.py
[2025-08-19T17:11:09.831+0200] {logging_mixin.py:188} INFO - [2025-08-19T17:11:09.831+0200] {dag.py:3089} INFO - Sync 2 DAGs
[2025-08-19T17:11:09.855+0200] {logging_mixin.py:188} INFO - [2025-08-19T17:11:09.854+0200] {dag.py:3947} INFO - Setting next_dagrun for example_xcom_args to None, run_after=None
[2025-08-19T17:11:09.856+0200] {logging_mixin.py:188} INFO - [2025-08-19T17:11:09.856+0200] {dag.py:3947} INFO - Setting next_dagrun for example_xcom_args_with_operators to None, run_after=None
[2025-08-19T17:11:09.862+0200] {processor.py:183} INFO - Processing /Users/ehabhasan/.venvs/airflow310/lib/python3.10/site-packages/airflow/example_dags/example_xcomargs.py took 0.082 seconds
[2025-08-19T17:12:04.488+0200] {processor.py:161} INFO - Started process (PID=10348) to work on /Users/ehabhasan/.venvs/airflow310/lib/python3.10/site-packages/airflow/example_dags/example_xcomargs.py
[2025-08-19T17:12:04.488+0200] {processor.py:830} INFO - Processing file /Users/ehabhasan/.venvs/airflow310/lib/python3.10/site-packages/airflow/example_dags/example_xcomargs.py for tasks to queue
[2025-08-19T17:12:04.488+0200] {logging_mixin.py:188} INFO - [2025-08-19T17:12:04.488+0200] {dagbag.py:545} INFO - Filling up the DagBag from /Users/ehabhasan/.venvs/airflow310/lib/python3.10/site-packages/airflow/example_dags/example_xcomargs.py
[2025-08-19T17:12:04.502+0200] {processor.py:840} INFO - DAG(s) 'example_xcom_args', 'example_xcom_args_with_operators' retrieved from /Users/ehabhasan/.venvs/airflow310/lib/python3.10/site-packages/airflow/example_dags/example_xcomargs.py
[2025-08-19T17:12:04.538+0200] {logging_mixin.py:188} INFO - [2025-08-19T17:12:04.537+0200] {dag.py:3089} INFO - Sync 2 DAGs
[2025-08-19T17:12:04.562+0200] {logging_mixin.py:188} INFO - [2025-08-19T17:12:04.561+0200] {dag.py:3947} INFO - Setting next_dagrun for example_xcom_args to None, run_after=None
[2025-08-19T17:12:04.563+0200] {logging_mixin.py:188} INFO - [2025-08-19T17:12:04.563+0200] {dag.py:3947} INFO - Setting next_dagrun for example_xcom_args_with_operators to None, run_after=None
[2025-08-19T17:12:04.568+0200] {processor.py:183} INFO - Processing /Users/ehabhasan/.venvs/airflow310/lib/python3.10/site-packages/airflow/example_dags/example_xcomargs.py took 0.082 seconds
[2025-08-19T17:13:01.691+0200] {processor.py:161} INFO - Started process (PID=10399) to work on /Users/ehabhasan/.venvs/airflow310/lib/python3.10/site-packages/airflow/example_dags/example_xcomargs.py
[2025-08-19T17:13:01.692+0200] {processor.py:830} INFO - Processing file /Users/ehabhasan/.venvs/airflow310/lib/python3.10/site-packages/airflow/example_dags/example_xcomargs.py for tasks to queue
[2025-08-19T17:13:01.692+0200] {logging_mixin.py:188} INFO - [2025-08-19T17:13:01.692+0200] {dagbag.py:545} INFO - Filling up the DagBag from /Users/ehabhasan/.venvs/airflow310/lib/python3.10/site-packages/airflow/example_dags/example_xcomargs.py
[2025-08-19T17:13:01.705+0200] {processor.py:840} INFO - DAG(s) 'example_xcom_args', 'example_xcom_args_with_operators' retrieved from /Users/ehabhasan/.venvs/airflow310/lib/python3.10/site-packages/airflow/example_dags/example_xcomargs.py
[2025-08-19T17:13:01.741+0200] {logging_mixin.py:188} INFO - [2025-08-19T17:13:01.741+0200] {dag.py:3089} INFO - Sync 2 DAGs
[2025-08-19T17:13:01.764+0200] {logging_mixin.py:188} INFO - [2025-08-19T17:13:01.764+0200] {dag.py:3947} INFO - Setting next_dagrun for example_xcom_args to None, run_after=None
[2025-08-19T17:13:01.765+0200] {logging_mixin.py:188} INFO - [2025-08-19T17:13:01.765+0200] {dag.py:3947} INFO - Setting next_dagrun for example_xcom_args_with_operators to None, run_after=None
[2025-08-19T17:13:01.771+0200] {processor.py:183} INFO - Processing /Users/ehabhasan/.venvs/airflow310/lib/python3.10/site-packages/airflow/example_dags/example_xcomargs.py took 0.081 seconds
[2025-08-19T17:13:56.799+0200] {processor.py:161} INFO - Started process (PID=10440) to work on /Users/ehabhasan/.venvs/airflow310/lib/python3.10/site-packages/airflow/example_dags/example_xcomargs.py
[2025-08-19T17:13:56.799+0200] {processor.py:830} INFO - Processing file /Users/ehabhasan/.venvs/airflow310/lib/python3.10/site-packages/airflow/example_dags/example_xcomargs.py for tasks to queue
[2025-08-19T17:13:56.800+0200] {logging_mixin.py:188} INFO - [2025-08-19T17:13:56.800+0200] {dagbag.py:545} INFO - Filling up the DagBag from /Users/ehabhasan/.venvs/airflow310/lib/python3.10/site-packages/airflow/example_dags/example_xcomargs.py
[2025-08-19T17:13:56.818+0200] {processor.py:840} INFO - DAG(s) 'example_xcom_args', 'example_xcom_args_with_operators' retrieved from /Users/ehabhasan/.venvs/airflow310/lib/python3.10/site-packages/airflow/example_dags/example_xcomargs.py
[2025-08-19T17:13:56.859+0200] {logging_mixin.py:188} INFO - [2025-08-19T17:13:56.859+0200] {dag.py:3089} INFO - Sync 2 DAGs
[2025-08-19T17:13:56.883+0200] {logging_mixin.py:188} INFO - [2025-08-19T17:13:56.883+0200] {dag.py:3947} INFO - Setting next_dagrun for example_xcom_args to None, run_after=None
[2025-08-19T17:13:56.884+0200] {logging_mixin.py:188} INFO - [2025-08-19T17:13:56.884+0200] {dag.py:3947} INFO - Setting next_dagrun for example_xcom_args_with_operators to None, run_after=None
[2025-08-19T17:13:56.890+0200] {processor.py:183} INFO - Processing /Users/ehabhasan/.venvs/airflow310/lib/python3.10/site-packages/airflow/example_dags/example_xcomargs.py took 0.093 seconds
[2025-08-19T17:14:53.718+0200] {processor.py:161} INFO - Started process (PID=10514) to work on /Users/ehabhasan/.venvs/airflow310/lib/python3.10/site-packages/airflow/example_dags/example_xcomargs.py
[2025-08-19T17:14:53.719+0200] {processor.py:830} INFO - Processing file /Users/ehabhasan/.venvs/airflow310/lib/python3.10/site-packages/airflow/example_dags/example_xcomargs.py for tasks to queue
[2025-08-19T17:14:53.719+0200] {logging_mixin.py:188} INFO - [2025-08-19T17:14:53.719+0200] {dagbag.py:545} INFO - Filling up the DagBag from /Users/ehabhasan/.venvs/airflow310/lib/python3.10/site-packages/airflow/example_dags/example_xcomargs.py
[2025-08-19T17:14:53.733+0200] {processor.py:840} INFO - DAG(s) 'example_xcom_args', 'example_xcom_args_with_operators' retrieved from /Users/ehabhasan/.venvs/airflow310/lib/python3.10/site-packages/airflow/example_dags/example_xcomargs.py
[2025-08-19T17:14:53.769+0200] {logging_mixin.py:188} INFO - [2025-08-19T17:14:53.769+0200] {dag.py:3089} INFO - Sync 2 DAGs
[2025-08-19T17:14:53.792+0200] {logging_mixin.py:188} INFO - [2025-08-19T17:14:53.792+0200] {dag.py:3947} INFO - Setting next_dagrun for example_xcom_args to None, run_after=None
[2025-08-19T17:14:53.794+0200] {logging_mixin.py:188} INFO - [2025-08-19T17:14:53.794+0200] {dag.py:3947} INFO - Setting next_dagrun for example_xcom_args_with_operators to None, run_after=None
[2025-08-19T17:14:53.800+0200] {processor.py:183} INFO - Processing /Users/ehabhasan/.venvs/airflow310/lib/python3.10/site-packages/airflow/example_dags/example_xcomargs.py took 0.083 seconds
[2025-08-19T17:15:50.119+0200] {processor.py:161} INFO - Started process (PID=10788) to work on /Users/ehabhasan/.venvs/airflow310/lib/python3.10/site-packages/airflow/example_dags/example_xcomargs.py
[2025-08-19T17:15:50.120+0200] {processor.py:830} INFO - Processing file /Users/ehabhasan/.venvs/airflow310/lib/python3.10/site-packages/airflow/example_dags/example_xcomargs.py for tasks to queue
[2025-08-19T17:15:50.120+0200] {logging_mixin.py:188} INFO - [2025-08-19T17:15:50.120+0200] {dagbag.py:545} INFO - Filling up the DagBag from /Users/ehabhasan/.venvs/airflow310/lib/python3.10/site-packages/airflow/example_dags/example_xcomargs.py
[2025-08-19T17:15:50.135+0200] {processor.py:840} INFO - DAG(s) 'example_xcom_args', 'example_xcom_args_with_operators' retrieved from /Users/ehabhasan/.venvs/airflow310/lib/python3.10/site-packages/airflow/example_dags/example_xcomargs.py
[2025-08-19T17:15:50.175+0200] {logging_mixin.py:188} INFO - [2025-08-19T17:15:50.174+0200] {dag.py:3089} INFO - Sync 2 DAGs
[2025-08-19T17:15:50.198+0200] {logging_mixin.py:188} INFO - [2025-08-19T17:15:50.198+0200] {dag.py:3947} INFO - Setting next_dagrun for example_xcom_args to None, run_after=None
[2025-08-19T17:15:50.200+0200] {logging_mixin.py:188} INFO - [2025-08-19T17:15:50.199+0200] {dag.py:3947} INFO - Setting next_dagrun for example_xcom_args_with_operators to None, run_after=None
[2025-08-19T17:15:50.205+0200] {processor.py:183} INFO - Processing /Users/ehabhasan/.venvs/airflow310/lib/python3.10/site-packages/airflow/example_dags/example_xcomargs.py took 0.088 seconds
[2025-08-19T17:16:45.162+0200] {processor.py:161} INFO - Started process (PID=11401) to work on /Users/ehabhasan/.venvs/airflow310/lib/python3.10/site-packages/airflow/example_dags/example_xcomargs.py
[2025-08-19T17:16:45.162+0200] {processor.py:830} INFO - Processing file /Users/ehabhasan/.venvs/airflow310/lib/python3.10/site-packages/airflow/example_dags/example_xcomargs.py for tasks to queue
[2025-08-19T17:16:45.162+0200] {logging_mixin.py:188} INFO - [2025-08-19T17:16:45.162+0200] {dagbag.py:545} INFO - Filling up the DagBag from /Users/ehabhasan/.venvs/airflow310/lib/python3.10/site-packages/airflow/example_dags/example_xcomargs.py
[2025-08-19T17:16:45.176+0200] {processor.py:840} INFO - DAG(s) 'example_xcom_args_with_operators', 'example_xcom_args' retrieved from /Users/ehabhasan/.venvs/airflow310/lib/python3.10/site-packages/airflow/example_dags/example_xcomargs.py
[2025-08-19T17:16:45.212+0200] {logging_mixin.py:188} INFO - [2025-08-19T17:16:45.212+0200] {dag.py:3089} INFO - Sync 2 DAGs
[2025-08-19T17:16:45.235+0200] {logging_mixin.py:188} INFO - [2025-08-19T17:16:45.235+0200] {dag.py:3947} INFO - Setting next_dagrun for example_xcom_args to None, run_after=None
[2025-08-19T17:16:45.236+0200] {logging_mixin.py:188} INFO - [2025-08-19T17:16:45.236+0200] {dag.py:3947} INFO - Setting next_dagrun for example_xcom_args_with_operators to None, run_after=None
[2025-08-19T17:16:45.242+0200] {processor.py:183} INFO - Processing /Users/ehabhasan/.venvs/airflow310/lib/python3.10/site-packages/airflow/example_dags/example_xcomargs.py took 0.082 seconds
[2025-08-19T17:17:40.917+0200] {processor.py:161} INFO - Started process (PID=11456) to work on /Users/ehabhasan/.venvs/airflow310/lib/python3.10/site-packages/airflow/example_dags/example_xcomargs.py
[2025-08-19T17:17:40.918+0200] {processor.py:830} INFO - Processing file /Users/ehabhasan/.venvs/airflow310/lib/python3.10/site-packages/airflow/example_dags/example_xcomargs.py for tasks to queue
[2025-08-19T17:17:40.918+0200] {logging_mixin.py:188} INFO - [2025-08-19T17:17:40.918+0200] {dagbag.py:545} INFO - Filling up the DagBag from /Users/ehabhasan/.venvs/airflow310/lib/python3.10/site-packages/airflow/example_dags/example_xcomargs.py
[2025-08-19T17:17:40.932+0200] {processor.py:840} INFO - DAG(s) 'example_xcom_args', 'example_xcom_args_with_operators' retrieved from /Users/ehabhasan/.venvs/airflow310/lib/python3.10/site-packages/airflow/example_dags/example_xcomargs.py
[2025-08-19T17:17:40.969+0200] {logging_mixin.py:188} INFO - [2025-08-19T17:17:40.969+0200] {dag.py:3089} INFO - Sync 2 DAGs
[2025-08-19T17:17:40.994+0200] {logging_mixin.py:188} INFO - [2025-08-19T17:17:40.994+0200] {dag.py:3947} INFO - Setting next_dagrun for example_xcom_args to None, run_after=None
[2025-08-19T17:17:40.995+0200] {logging_mixin.py:188} INFO - [2025-08-19T17:17:40.995+0200] {dag.py:3947} INFO - Setting next_dagrun for example_xcom_args_with_operators to None, run_after=None
[2025-08-19T17:17:41.002+0200] {processor.py:183} INFO - Processing /Users/ehabhasan/.venvs/airflow310/lib/python3.10/site-packages/airflow/example_dags/example_xcomargs.py took 0.087 seconds
[2025-08-19T17:18:33.752+0200] {processor.py:161} INFO - Started process (PID=11502) to work on /Users/ehabhasan/.venvs/airflow310/lib/python3.10/site-packages/airflow/example_dags/example_xcomargs.py
[2025-08-19T17:18:33.752+0200] {processor.py:830} INFO - Processing file /Users/ehabhasan/.venvs/airflow310/lib/python3.10/site-packages/airflow/example_dags/example_xcomargs.py for tasks to queue
[2025-08-19T17:18:33.753+0200] {logging_mixin.py:188} INFO - [2025-08-19T17:18:33.753+0200] {dagbag.py:545} INFO - Filling up the DagBag from /Users/ehabhasan/.venvs/airflow310/lib/python3.10/site-packages/airflow/example_dags/example_xcomargs.py
[2025-08-19T17:18:33.767+0200] {processor.py:840} INFO - DAG(s) 'example_xcom_args_with_operators', 'example_xcom_args' retrieved from /Users/ehabhasan/.venvs/airflow310/lib/python3.10/site-packages/airflow/example_dags/example_xcomargs.py
[2025-08-19T17:18:33.803+0200] {logging_mixin.py:188} INFO - [2025-08-19T17:18:33.803+0200] {dag.py:3089} INFO - Sync 2 DAGs
[2025-08-19T17:18:33.827+0200] {logging_mixin.py:188} INFO - [2025-08-19T17:18:33.827+0200] {dag.py:3947} INFO - Setting next_dagrun for example_xcom_args to None, run_after=None
[2025-08-19T17:18:33.828+0200] {logging_mixin.py:188} INFO - [2025-08-19T17:18:33.828+0200] {dag.py:3947} INFO - Setting next_dagrun for example_xcom_args_with_operators to None, run_after=None
[2025-08-19T17:18:33.834+0200] {processor.py:183} INFO - Processing /Users/ehabhasan/.venvs/airflow310/lib/python3.10/site-packages/airflow/example_dags/example_xcomargs.py took 0.084 seconds
[2025-08-19T17:19:31.066+0200] {processor.py:161} INFO - Started process (PID=11560) to work on /Users/ehabhasan/.venvs/airflow310/lib/python3.10/site-packages/airflow/example_dags/example_xcomargs.py
[2025-08-19T17:19:31.066+0200] {processor.py:830} INFO - Processing file /Users/ehabhasan/.venvs/airflow310/lib/python3.10/site-packages/airflow/example_dags/example_xcomargs.py for tasks to queue
[2025-08-19T17:19:31.066+0200] {logging_mixin.py:188} INFO - [2025-08-19T17:19:31.066+0200] {dagbag.py:545} INFO - Filling up the DagBag from /Users/ehabhasan/.venvs/airflow310/lib/python3.10/site-packages/airflow/example_dags/example_xcomargs.py
[2025-08-19T17:19:31.081+0200] {processor.py:840} INFO - DAG(s) 'example_xcom_args_with_operators', 'example_xcom_args' retrieved from /Users/ehabhasan/.venvs/airflow310/lib/python3.10/site-packages/airflow/example_dags/example_xcomargs.py
[2025-08-19T17:19:31.118+0200] {logging_mixin.py:188} INFO - [2025-08-19T17:19:31.118+0200] {dag.py:3089} INFO - Sync 2 DAGs
[2025-08-19T17:19:31.142+0200] {logging_mixin.py:188} INFO - [2025-08-19T17:19:31.142+0200] {dag.py:3947} INFO - Setting next_dagrun for example_xcom_args to None, run_after=None
[2025-08-19T17:19:31.143+0200] {logging_mixin.py:188} INFO - [2025-08-19T17:19:31.143+0200] {dag.py:3947} INFO - Setting next_dagrun for example_xcom_args_with_operators to None, run_after=None
[2025-08-19T17:19:31.150+0200] {processor.py:183} INFO - Processing /Users/ehabhasan/.venvs/airflow310/lib/python3.10/site-packages/airflow/example_dags/example_xcomargs.py took 0.086 seconds
[2025-08-19T17:20:22.345+0200] {processor.py:161} INFO - Started process (PID=11604) to work on /Users/ehabhasan/.venvs/airflow310/lib/python3.10/site-packages/airflow/example_dags/example_xcomargs.py
[2025-08-19T17:20:22.345+0200] {processor.py:830} INFO - Processing file /Users/ehabhasan/.venvs/airflow310/lib/python3.10/site-packages/airflow/example_dags/example_xcomargs.py for tasks to queue
[2025-08-19T17:20:22.346+0200] {logging_mixin.py:188} INFO - [2025-08-19T17:20:22.345+0200] {dagbag.py:545} INFO - Filling up the DagBag from /Users/ehabhasan/.venvs/airflow310/lib/python3.10/site-packages/airflow/example_dags/example_xcomargs.py
[2025-08-19T17:20:22.359+0200] {processor.py:840} INFO - DAG(s) 'example_xcom_args_with_operators', 'example_xcom_args' retrieved from /Users/ehabhasan/.venvs/airflow310/lib/python3.10/site-packages/airflow/example_dags/example_xcomargs.py
[2025-08-19T17:20:22.394+0200] {logging_mixin.py:188} INFO - [2025-08-19T17:20:22.394+0200] {dag.py:3089} INFO - Sync 2 DAGs
[2025-08-19T17:20:22.417+0200] {logging_mixin.py:188} INFO - [2025-08-19T17:20:22.417+0200] {dag.py:3947} INFO - Setting next_dagrun for example_xcom_args to None, run_after=None
[2025-08-19T17:20:22.418+0200] {logging_mixin.py:188} INFO - [2025-08-19T17:20:22.418+0200] {dag.py:3947} INFO - Setting next_dagrun for example_xcom_args_with_operators to None, run_after=None
[2025-08-19T17:20:22.424+0200] {processor.py:183} INFO - Processing /Users/ehabhasan/.venvs/airflow310/lib/python3.10/site-packages/airflow/example_dags/example_xcomargs.py took 0.081 seconds
[2025-08-19T17:21:12.475+0200] {processor.py:161} INFO - Started process (PID=11639) to work on /Users/ehabhasan/.venvs/airflow310/lib/python3.10/site-packages/airflow/example_dags/example_xcomargs.py
[2025-08-19T17:21:12.475+0200] {processor.py:830} INFO - Processing file /Users/ehabhasan/.venvs/airflow310/lib/python3.10/site-packages/airflow/example_dags/example_xcomargs.py for tasks to queue
[2025-08-19T17:21:12.476+0200] {logging_mixin.py:188} INFO - [2025-08-19T17:21:12.476+0200] {dagbag.py:545} INFO - Filling up the DagBag from /Users/ehabhasan/.venvs/airflow310/lib/python3.10/site-packages/airflow/example_dags/example_xcomargs.py
[2025-08-19T17:21:12.489+0200] {processor.py:840} INFO - DAG(s) 'example_xcom_args_with_operators', 'example_xcom_args' retrieved from /Users/ehabhasan/.venvs/airflow310/lib/python3.10/site-packages/airflow/example_dags/example_xcomargs.py
[2025-08-19T17:21:12.525+0200] {logging_mixin.py:188} INFO - [2025-08-19T17:21:12.524+0200] {dag.py:3089} INFO - Sync 2 DAGs
[2025-08-19T17:21:12.548+0200] {logging_mixin.py:188} INFO - [2025-08-19T17:21:12.548+0200] {dag.py:3947} INFO - Setting next_dagrun for example_xcom_args to None, run_after=None
[2025-08-19T17:21:12.549+0200] {logging_mixin.py:188} INFO - [2025-08-19T17:21:12.549+0200] {dag.py:3947} INFO - Setting next_dagrun for example_xcom_args_with_operators to None, run_after=None
[2025-08-19T17:21:12.555+0200] {processor.py:183} INFO - Processing /Users/ehabhasan/.venvs/airflow310/lib/python3.10/site-packages/airflow/example_dags/example_xcomargs.py took 0.082 seconds
[2025-08-19T17:22:07.568+0200] {processor.py:161} INFO - Started process (PID=11674) to work on /Users/ehabhasan/.venvs/airflow310/lib/python3.10/site-packages/airflow/example_dags/example_xcomargs.py
[2025-08-19T17:22:07.568+0200] {processor.py:830} INFO - Processing file /Users/ehabhasan/.venvs/airflow310/lib/python3.10/site-packages/airflow/example_dags/example_xcomargs.py for tasks to queue
[2025-08-19T17:22:07.568+0200] {logging_mixin.py:188} INFO - [2025-08-19T17:22:07.568+0200] {dagbag.py:545} INFO - Filling up the DagBag from /Users/ehabhasan/.venvs/airflow310/lib/python3.10/site-packages/airflow/example_dags/example_xcomargs.py
[2025-08-19T17:22:07.582+0200] {processor.py:840} INFO - DAG(s) 'example_xcom_args', 'example_xcom_args_with_operators' retrieved from /Users/ehabhasan/.venvs/airflow310/lib/python3.10/site-packages/airflow/example_dags/example_xcomargs.py
[2025-08-19T17:22:07.617+0200] {logging_mixin.py:188} INFO - [2025-08-19T17:22:07.617+0200] {dag.py:3089} INFO - Sync 2 DAGs
[2025-08-19T17:22:07.641+0200] {logging_mixin.py:188} INFO - [2025-08-19T17:22:07.641+0200] {dag.py:3947} INFO - Setting next_dagrun for example_xcom_args to None, run_after=None
[2025-08-19T17:22:07.642+0200] {logging_mixin.py:188} INFO - [2025-08-19T17:22:07.642+0200] {dag.py:3947} INFO - Setting next_dagrun for example_xcom_args_with_operators to None, run_after=None
[2025-08-19T17:22:07.648+0200] {processor.py:183} INFO - Processing /Users/ehabhasan/.venvs/airflow310/lib/python3.10/site-packages/airflow/example_dags/example_xcomargs.py took 0.082 seconds
[2025-08-19T17:23:04.086+0200] {processor.py:161} INFO - Started process (PID=11712) to work on /Users/ehabhasan/.venvs/airflow310/lib/python3.10/site-packages/airflow/example_dags/example_xcomargs.py
[2025-08-19T17:23:04.086+0200] {processor.py:830} INFO - Processing file /Users/ehabhasan/.venvs/airflow310/lib/python3.10/site-packages/airflow/example_dags/example_xcomargs.py for tasks to queue
[2025-08-19T17:23:04.086+0200] {logging_mixin.py:188} INFO - [2025-08-19T17:23:04.086+0200] {dagbag.py:545} INFO - Filling up the DagBag from /Users/ehabhasan/.venvs/airflow310/lib/python3.10/site-packages/airflow/example_dags/example_xcomargs.py
[2025-08-19T17:23:04.100+0200] {processor.py:840} INFO - DAG(s) 'example_xcom_args_with_operators', 'example_xcom_args' retrieved from /Users/ehabhasan/.venvs/airflow310/lib/python3.10/site-packages/airflow/example_dags/example_xcomargs.py
[2025-08-19T17:23:04.137+0200] {logging_mixin.py:188} INFO - [2025-08-19T17:23:04.137+0200] {dag.py:3089} INFO - Sync 2 DAGs
[2025-08-19T17:23:04.159+0200] {logging_mixin.py:188} INFO - [2025-08-19T17:23:04.159+0200] {dag.py:3947} INFO - Setting next_dagrun for example_xcom_args to None, run_after=None
[2025-08-19T17:23:04.161+0200] {logging_mixin.py:188} INFO - [2025-08-19T17:23:04.161+0200] {dag.py:3947} INFO - Setting next_dagrun for example_xcom_args_with_operators to None, run_after=None
[2025-08-19T17:23:04.167+0200] {processor.py:183} INFO - Processing /Users/ehabhasan/.venvs/airflow310/lib/python3.10/site-packages/airflow/example_dags/example_xcomargs.py took 0.082 seconds
[2025-08-19T17:23:56.209+0200] {processor.py:161} INFO - Started process (PID=11752) to work on /Users/ehabhasan/.venvs/airflow310/lib/python3.10/site-packages/airflow/example_dags/example_xcomargs.py
[2025-08-19T17:23:56.209+0200] {processor.py:830} INFO - Processing file /Users/ehabhasan/.venvs/airflow310/lib/python3.10/site-packages/airflow/example_dags/example_xcomargs.py for tasks to queue
[2025-08-19T17:23:56.209+0200] {logging_mixin.py:188} INFO - [2025-08-19T17:23:56.209+0200] {dagbag.py:545} INFO - Filling up the DagBag from /Users/ehabhasan/.venvs/airflow310/lib/python3.10/site-packages/airflow/example_dags/example_xcomargs.py
[2025-08-19T17:23:56.223+0200] {processor.py:840} INFO - DAG(s) 'example_xcom_args', 'example_xcom_args_with_operators' retrieved from /Users/ehabhasan/.venvs/airflow310/lib/python3.10/site-packages/airflow/example_dags/example_xcomargs.py
[2025-08-19T17:23:56.258+0200] {logging_mixin.py:188} INFO - [2025-08-19T17:23:56.258+0200] {dag.py:3089} INFO - Sync 2 DAGs
[2025-08-19T17:23:56.281+0200] {logging_mixin.py:188} INFO - [2025-08-19T17:23:56.281+0200] {dag.py:3947} INFO - Setting next_dagrun for example_xcom_args to None, run_after=None
[2025-08-19T17:23:56.282+0200] {logging_mixin.py:188} INFO - [2025-08-19T17:23:56.282+0200] {dag.py:3947} INFO - Setting next_dagrun for example_xcom_args_with_operators to None, run_after=None
[2025-08-19T17:23:56.288+0200] {processor.py:183} INFO - Processing /Users/ehabhasan/.venvs/airflow310/lib/python3.10/site-packages/airflow/example_dags/example_xcomargs.py took 0.080 seconds
[2025-08-19T17:24:48.510+0200] {processor.py:161} INFO - Started process (PID=11793) to work on /Users/ehabhasan/.venvs/airflow310/lib/python3.10/site-packages/airflow/example_dags/example_xcomargs.py
[2025-08-19T17:24:48.511+0200] {processor.py:830} INFO - Processing file /Users/ehabhasan/.venvs/airflow310/lib/python3.10/site-packages/airflow/example_dags/example_xcomargs.py for tasks to queue
[2025-08-19T17:24:48.511+0200] {logging_mixin.py:188} INFO - [2025-08-19T17:24:48.511+0200] {dagbag.py:545} INFO - Filling up the DagBag from /Users/ehabhasan/.venvs/airflow310/lib/python3.10/site-packages/airflow/example_dags/example_xcomargs.py
[2025-08-19T17:24:48.525+0200] {processor.py:840} INFO - DAG(s) 'example_xcom_args_with_operators', 'example_xcom_args' retrieved from /Users/ehabhasan/.venvs/airflow310/lib/python3.10/site-packages/airflow/example_dags/example_xcomargs.py
[2025-08-19T17:24:48.563+0200] {logging_mixin.py:188} INFO - [2025-08-19T17:24:48.563+0200] {dag.py:3089} INFO - Sync 2 DAGs
[2025-08-19T17:24:48.587+0200] {logging_mixin.py:188} INFO - [2025-08-19T17:24:48.586+0200] {dag.py:3947} INFO - Setting next_dagrun for example_xcom_args to None, run_after=None
[2025-08-19T17:24:48.588+0200] {logging_mixin.py:188} INFO - [2025-08-19T17:24:48.588+0200] {dag.py:3947} INFO - Setting next_dagrun for example_xcom_args_with_operators to None, run_after=None
[2025-08-19T17:24:48.594+0200] {processor.py:183} INFO - Processing /Users/ehabhasan/.venvs/airflow310/lib/python3.10/site-packages/airflow/example_dags/example_xcomargs.py took 0.086 seconds
[2025-08-19T17:25:42.346+0200] {processor.py:161} INFO - Started process (PID=11832) to work on /Users/ehabhasan/.venvs/airflow310/lib/python3.10/site-packages/airflow/example_dags/example_xcomargs.py
[2025-08-19T17:25:42.347+0200] {processor.py:830} INFO - Processing file /Users/ehabhasan/.venvs/airflow310/lib/python3.10/site-packages/airflow/example_dags/example_xcomargs.py for tasks to queue
[2025-08-19T17:25:42.347+0200] {logging_mixin.py:188} INFO - [2025-08-19T17:25:42.347+0200] {dagbag.py:545} INFO - Filling up the DagBag from /Users/ehabhasan/.venvs/airflow310/lib/python3.10/site-packages/airflow/example_dags/example_xcomargs.py
[2025-08-19T17:25:42.362+0200] {processor.py:840} INFO - DAG(s) 'example_xcom_args_with_operators', 'example_xcom_args' retrieved from /Users/ehabhasan/.venvs/airflow310/lib/python3.10/site-packages/airflow/example_dags/example_xcomargs.py
[2025-08-19T17:25:42.400+0200] {logging_mixin.py:188} INFO - [2025-08-19T17:25:42.400+0200] {dag.py:3089} INFO - Sync 2 DAGs
[2025-08-19T17:25:42.426+0200] {logging_mixin.py:188} INFO - [2025-08-19T17:25:42.426+0200] {dag.py:3947} INFO - Setting next_dagrun for example_xcom_args to None, run_after=None
[2025-08-19T17:25:42.427+0200] {logging_mixin.py:188} INFO - [2025-08-19T17:25:42.427+0200] {dag.py:3947} INFO - Setting next_dagrun for example_xcom_args_with_operators to None, run_after=None
[2025-08-19T17:25:42.434+0200] {processor.py:183} INFO - Processing /Users/ehabhasan/.venvs/airflow310/lib/python3.10/site-packages/airflow/example_dags/example_xcomargs.py took 0.089 seconds
[2025-08-19T17:26:34.972+0200] {processor.py:161} INFO - Started process (PID=11873) to work on /Users/ehabhasan/.venvs/airflow310/lib/python3.10/site-packages/airflow/example_dags/example_xcomargs.py
[2025-08-19T17:26:34.972+0200] {processor.py:830} INFO - Processing file /Users/ehabhasan/.venvs/airflow310/lib/python3.10/site-packages/airflow/example_dags/example_xcomargs.py for tasks to queue
[2025-08-19T17:26:34.972+0200] {logging_mixin.py:188} INFO - [2025-08-19T17:26:34.972+0200] {dagbag.py:545} INFO - Filling up the DagBag from /Users/ehabhasan/.venvs/airflow310/lib/python3.10/site-packages/airflow/example_dags/example_xcomargs.py
[2025-08-19T17:26:34.986+0200] {processor.py:840} INFO - DAG(s) 'example_xcom_args', 'example_xcom_args_with_operators' retrieved from /Users/ehabhasan/.venvs/airflow310/lib/python3.10/site-packages/airflow/example_dags/example_xcomargs.py
[2025-08-19T17:26:35.022+0200] {logging_mixin.py:188} INFO - [2025-08-19T17:26:35.022+0200] {dag.py:3089} INFO - Sync 2 DAGs
[2025-08-19T17:26:35.046+0200] {logging_mixin.py:188} INFO - [2025-08-19T17:26:35.046+0200] {dag.py:3947} INFO - Setting next_dagrun for example_xcom_args to None, run_after=None
[2025-08-19T17:26:35.047+0200] {logging_mixin.py:188} INFO - [2025-08-19T17:26:35.047+0200] {dag.py:3947} INFO - Setting next_dagrun for example_xcom_args_with_operators to None, run_after=None
[2025-08-19T17:26:35.053+0200] {processor.py:183} INFO - Processing /Users/ehabhasan/.venvs/airflow310/lib/python3.10/site-packages/airflow/example_dags/example_xcomargs.py took 0.083 seconds
[2025-08-19T17:27:31.589+0200] {processor.py:161} INFO - Started process (PID=11912) to work on /Users/ehabhasan/.venvs/airflow310/lib/python3.10/site-packages/airflow/example_dags/example_xcomargs.py
[2025-08-19T17:27:31.589+0200] {processor.py:830} INFO - Processing file /Users/ehabhasan/.venvs/airflow310/lib/python3.10/site-packages/airflow/example_dags/example_xcomargs.py for tasks to queue
[2025-08-19T17:27:31.589+0200] {logging_mixin.py:188} INFO - [2025-08-19T17:27:31.589+0200] {dagbag.py:545} INFO - Filling up the DagBag from /Users/ehabhasan/.venvs/airflow310/lib/python3.10/site-packages/airflow/example_dags/example_xcomargs.py
[2025-08-19T17:27:31.603+0200] {processor.py:840} INFO - DAG(s) 'example_xcom_args_with_operators', 'example_xcom_args' retrieved from /Users/ehabhasan/.venvs/airflow310/lib/python3.10/site-packages/airflow/example_dags/example_xcomargs.py
[2025-08-19T17:27:31.638+0200] {logging_mixin.py:188} INFO - [2025-08-19T17:27:31.638+0200] {dag.py:3089} INFO - Sync 2 DAGs
[2025-08-19T17:27:31.662+0200] {logging_mixin.py:188} INFO - [2025-08-19T17:27:31.662+0200] {dag.py:3947} INFO - Setting next_dagrun for example_xcom_args to None, run_after=None
[2025-08-19T17:27:31.663+0200] {logging_mixin.py:188} INFO - [2025-08-19T17:27:31.663+0200] {dag.py:3947} INFO - Setting next_dagrun for example_xcom_args_with_operators to None, run_after=None
[2025-08-19T17:27:31.669+0200] {processor.py:183} INFO - Processing /Users/ehabhasan/.venvs/airflow310/lib/python3.10/site-packages/airflow/example_dags/example_xcomargs.py took 0.082 seconds
[2025-08-19T17:28:25.952+0200] {processor.py:161} INFO - Started process (PID=11963) to work on /Users/ehabhasan/.venvs/airflow310/lib/python3.10/site-packages/airflow/example_dags/example_xcomargs.py
[2025-08-19T17:28:25.952+0200] {processor.py:830} INFO - Processing file /Users/ehabhasan/.venvs/airflow310/lib/python3.10/site-packages/airflow/example_dags/example_xcomargs.py for tasks to queue
[2025-08-19T17:28:25.952+0200] {logging_mixin.py:188} INFO - [2025-08-19T17:28:25.952+0200] {dagbag.py:545} INFO - Filling up the DagBag from /Users/ehabhasan/.venvs/airflow310/lib/python3.10/site-packages/airflow/example_dags/example_xcomargs.py
[2025-08-19T17:28:25.966+0200] {processor.py:840} INFO - DAG(s) 'example_xcom_args', 'example_xcom_args_with_operators' retrieved from /Users/ehabhasan/.venvs/airflow310/lib/python3.10/site-packages/airflow/example_dags/example_xcomargs.py
[2025-08-19T17:28:26.002+0200] {logging_mixin.py:188} INFO - [2025-08-19T17:28:26.002+0200] {dag.py:3089} INFO - Sync 2 DAGs
[2025-08-19T17:28:26.026+0200] {logging_mixin.py:188} INFO - [2025-08-19T17:28:26.025+0200] {dag.py:3947} INFO - Setting next_dagrun for example_xcom_args to None, run_after=None
[2025-08-19T17:28:26.027+0200] {logging_mixin.py:188} INFO - [2025-08-19T17:28:26.026+0200] {dag.py:3947} INFO - Setting next_dagrun for example_xcom_args_with_operators to None, run_after=None
[2025-08-19T17:28:26.033+0200] {processor.py:183} INFO - Processing /Users/ehabhasan/.venvs/airflow310/lib/python3.10/site-packages/airflow/example_dags/example_xcomargs.py took 0.083 seconds
[2025-08-19T17:29:21.023+0200] {processor.py:161} INFO - Started process (PID=12002) to work on /Users/ehabhasan/.venvs/airflow310/lib/python3.10/site-packages/airflow/example_dags/example_xcomargs.py
[2025-08-19T17:29:21.024+0200] {processor.py:830} INFO - Processing file /Users/ehabhasan/.venvs/airflow310/lib/python3.10/site-packages/airflow/example_dags/example_xcomargs.py for tasks to queue
[2025-08-19T17:29:21.024+0200] {logging_mixin.py:188} INFO - [2025-08-19T17:29:21.024+0200] {dagbag.py:545} INFO - Filling up the DagBag from /Users/ehabhasan/.venvs/airflow310/lib/python3.10/site-packages/airflow/example_dags/example_xcomargs.py
[2025-08-19T17:29:21.039+0200] {processor.py:840} INFO - DAG(s) 'example_xcom_args_with_operators', 'example_xcom_args' retrieved from /Users/ehabhasan/.venvs/airflow310/lib/python3.10/site-packages/airflow/example_dags/example_xcomargs.py
[2025-08-19T17:29:21.076+0200] {logging_mixin.py:188} INFO - [2025-08-19T17:29:21.076+0200] {dag.py:3089} INFO - Sync 2 DAGs
[2025-08-19T17:29:21.101+0200] {logging_mixin.py:188} INFO - [2025-08-19T17:29:21.101+0200] {dag.py:3947} INFO - Setting next_dagrun for example_xcom_args to None, run_after=None
[2025-08-19T17:29:21.102+0200] {logging_mixin.py:188} INFO - [2025-08-19T17:29:21.102+0200] {dag.py:3947} INFO - Setting next_dagrun for example_xcom_args_with_operators to None, run_after=None
[2025-08-19T17:29:21.108+0200] {processor.py:183} INFO - Processing /Users/ehabhasan/.venvs/airflow310/lib/python3.10/site-packages/airflow/example_dags/example_xcomargs.py took 0.087 seconds
[2025-08-19T17:30:17.408+0200] {processor.py:161} INFO - Started process (PID=12715) to work on /Users/ehabhasan/.venvs/airflow310/lib/python3.10/site-packages/airflow/example_dags/example_xcomargs.py
[2025-08-19T17:30:17.409+0200] {processor.py:830} INFO - Processing file /Users/ehabhasan/.venvs/airflow310/lib/python3.10/site-packages/airflow/example_dags/example_xcomargs.py for tasks to queue
[2025-08-19T17:30:17.409+0200] {logging_mixin.py:188} INFO - [2025-08-19T17:30:17.409+0200] {dagbag.py:545} INFO - Filling up the DagBag from /Users/ehabhasan/.venvs/airflow310/lib/python3.10/site-packages/airflow/example_dags/example_xcomargs.py
[2025-08-19T17:30:17.423+0200] {processor.py:840} INFO - DAG(s) 'example_xcom_args_with_operators', 'example_xcom_args' retrieved from /Users/ehabhasan/.venvs/airflow310/lib/python3.10/site-packages/airflow/example_dags/example_xcomargs.py
[2025-08-19T17:30:17.460+0200] {logging_mixin.py:188} INFO - [2025-08-19T17:30:17.460+0200] {dag.py:3089} INFO - Sync 2 DAGs
[2025-08-19T17:30:17.484+0200] {logging_mixin.py:188} INFO - [2025-08-19T17:30:17.484+0200] {dag.py:3947} INFO - Setting next_dagrun for example_xcom_args to None, run_after=None
[2025-08-19T17:30:17.485+0200] {logging_mixin.py:188} INFO - [2025-08-19T17:30:17.485+0200] {dag.py:3947} INFO - Setting next_dagrun for example_xcom_args_with_operators to None, run_after=None
[2025-08-19T17:30:17.491+0200] {processor.py:183} INFO - Processing /Users/ehabhasan/.venvs/airflow310/lib/python3.10/site-packages/airflow/example_dags/example_xcomargs.py took 0.085 seconds
[2025-08-19T17:31:12.629+0200] {processor.py:161} INFO - Started process (PID=13929) to work on /Users/ehabhasan/.venvs/airflow310/lib/python3.10/site-packages/airflow/example_dags/example_xcomargs.py
[2025-08-19T17:31:12.630+0200] {processor.py:830} INFO - Processing file /Users/ehabhasan/.venvs/airflow310/lib/python3.10/site-packages/airflow/example_dags/example_xcomargs.py for tasks to queue
[2025-08-19T17:31:12.630+0200] {logging_mixin.py:188} INFO - [2025-08-19T17:31:12.630+0200] {dagbag.py:545} INFO - Filling up the DagBag from /Users/ehabhasan/.venvs/airflow310/lib/python3.10/site-packages/airflow/example_dags/example_xcomargs.py
[2025-08-19T17:31:12.644+0200] {processor.py:840} INFO - DAG(s) 'example_xcom_args_with_operators', 'example_xcom_args' retrieved from /Users/ehabhasan/.venvs/airflow310/lib/python3.10/site-packages/airflow/example_dags/example_xcomargs.py
[2025-08-19T17:31:12.682+0200] {logging_mixin.py:188} INFO - [2025-08-19T17:31:12.682+0200] {dag.py:3089} INFO - Sync 2 DAGs
[2025-08-19T17:31:12.705+0200] {logging_mixin.py:188} INFO - [2025-08-19T17:31:12.705+0200] {dag.py:3947} INFO - Setting next_dagrun for example_xcom_args to None, run_after=None
[2025-08-19T17:31:12.706+0200] {logging_mixin.py:188} INFO - [2025-08-19T17:31:12.706+0200] {dag.py:3947} INFO - Setting next_dagrun for example_xcom_args_with_operators to None, run_after=None
[2025-08-19T17:31:12.712+0200] {processor.py:183} INFO - Processing /Users/ehabhasan/.venvs/airflow310/lib/python3.10/site-packages/airflow/example_dags/example_xcomargs.py took 0.085 seconds
[2025-08-19T17:32:09.846+0200] {processor.py:161} INFO - Started process (PID=14086) to work on /Users/ehabhasan/.venvs/airflow310/lib/python3.10/site-packages/airflow/example_dags/example_xcomargs.py
[2025-08-19T17:32:09.846+0200] {processor.py:830} INFO - Processing file /Users/ehabhasan/.venvs/airflow310/lib/python3.10/site-packages/airflow/example_dags/example_xcomargs.py for tasks to queue
[2025-08-19T17:32:09.847+0200] {logging_mixin.py:188} INFO - [2025-08-19T17:32:09.846+0200] {dagbag.py:545} INFO - Filling up the DagBag from /Users/ehabhasan/.venvs/airflow310/lib/python3.10/site-packages/airflow/example_dags/example_xcomargs.py
[2025-08-19T17:32:09.861+0200] {processor.py:840} INFO - DAG(s) 'example_xcom_args_with_operators', 'example_xcom_args' retrieved from /Users/ehabhasan/.venvs/airflow310/lib/python3.10/site-packages/airflow/example_dags/example_xcomargs.py
[2025-08-19T17:32:09.901+0200] {logging_mixin.py:188} INFO - [2025-08-19T17:32:09.901+0200] {dag.py:3089} INFO - Sync 2 DAGs
[2025-08-19T17:32:09.927+0200] {logging_mixin.py:188} INFO - [2025-08-19T17:32:09.927+0200] {dag.py:3947} INFO - Setting next_dagrun for example_xcom_args to None, run_after=None
[2025-08-19T17:32:09.928+0200] {logging_mixin.py:188} INFO - [2025-08-19T17:32:09.928+0200] {dag.py:3947} INFO - Setting next_dagrun for example_xcom_args_with_operators to None, run_after=None
[2025-08-19T17:32:09.934+0200] {processor.py:183} INFO - Processing /Users/ehabhasan/.venvs/airflow310/lib/python3.10/site-packages/airflow/example_dags/example_xcomargs.py took 0.090 seconds
[2025-08-19T17:33:05.371+0200] {processor.py:161} INFO - Started process (PID=14183) to work on /Users/ehabhasan/.venvs/airflow310/lib/python3.10/site-packages/airflow/example_dags/example_xcomargs.py
[2025-08-19T17:33:05.371+0200] {processor.py:830} INFO - Processing file /Users/ehabhasan/.venvs/airflow310/lib/python3.10/site-packages/airflow/example_dags/example_xcomargs.py for tasks to queue
[2025-08-19T17:33:05.372+0200] {logging_mixin.py:188} INFO - [2025-08-19T17:33:05.372+0200] {dagbag.py:545} INFO - Filling up the DagBag from /Users/ehabhasan/.venvs/airflow310/lib/python3.10/site-packages/airflow/example_dags/example_xcomargs.py
[2025-08-19T17:33:05.385+0200] {processor.py:840} INFO - DAG(s) 'example_xcom_args', 'example_xcom_args_with_operators' retrieved from /Users/ehabhasan/.venvs/airflow310/lib/python3.10/site-packages/airflow/example_dags/example_xcomargs.py
[2025-08-19T17:33:05.421+0200] {logging_mixin.py:188} INFO - [2025-08-19T17:33:05.421+0200] {dag.py:3089} INFO - Sync 2 DAGs
[2025-08-19T17:33:05.444+0200] {logging_mixin.py:188} INFO - [2025-08-19T17:33:05.444+0200] {dag.py:3947} INFO - Setting next_dagrun for example_xcom_args to None, run_after=None
[2025-08-19T17:33:05.446+0200] {logging_mixin.py:188} INFO - [2025-08-19T17:33:05.446+0200] {dag.py:3947} INFO - Setting next_dagrun for example_xcom_args_with_operators to None, run_after=None
[2025-08-19T17:33:05.452+0200] {processor.py:183} INFO - Processing /Users/ehabhasan/.venvs/airflow310/lib/python3.10/site-packages/airflow/example_dags/example_xcomargs.py took 0.082 seconds
[2025-08-19T17:33:59.019+0200] {processor.py:161} INFO - Started process (PID=14232) to work on /Users/ehabhasan/.venvs/airflow310/lib/python3.10/site-packages/airflow/example_dags/example_xcomargs.py
[2025-08-19T17:33:59.019+0200] {processor.py:830} INFO - Processing file /Users/ehabhasan/.venvs/airflow310/lib/python3.10/site-packages/airflow/example_dags/example_xcomargs.py for tasks to queue
[2025-08-19T17:33:59.020+0200] {logging_mixin.py:188} INFO - [2025-08-19T17:33:59.020+0200] {dagbag.py:545} INFO - Filling up the DagBag from /Users/ehabhasan/.venvs/airflow310/lib/python3.10/site-packages/airflow/example_dags/example_xcomargs.py
[2025-08-19T17:33:59.033+0200] {processor.py:840} INFO - DAG(s) 'example_xcom_args', 'example_xcom_args_with_operators' retrieved from /Users/ehabhasan/.venvs/airflow310/lib/python3.10/site-packages/airflow/example_dags/example_xcomargs.py
[2025-08-19T17:33:59.069+0200] {logging_mixin.py:188} INFO - [2025-08-19T17:33:59.069+0200] {dag.py:3089} INFO - Sync 2 DAGs
[2025-08-19T17:33:59.093+0200] {logging_mixin.py:188} INFO - [2025-08-19T17:33:59.093+0200] {dag.py:3947} INFO - Setting next_dagrun for example_xcom_args to None, run_after=None
[2025-08-19T17:33:59.094+0200] {logging_mixin.py:188} INFO - [2025-08-19T17:33:59.094+0200] {dag.py:3947} INFO - Setting next_dagrun for example_xcom_args_with_operators to None, run_after=None
[2025-08-19T17:33:59.100+0200] {processor.py:183} INFO - Processing /Users/ehabhasan/.venvs/airflow310/lib/python3.10/site-packages/airflow/example_dags/example_xcomargs.py took 0.083 seconds
[2025-08-19T17:34:51.107+0200] {processor.py:161} INFO - Started process (PID=14275) to work on /Users/ehabhasan/.venvs/airflow310/lib/python3.10/site-packages/airflow/example_dags/example_xcomargs.py
[2025-08-19T17:34:51.108+0200] {processor.py:830} INFO - Processing file /Users/ehabhasan/.venvs/airflow310/lib/python3.10/site-packages/airflow/example_dags/example_xcomargs.py for tasks to queue
[2025-08-19T17:34:51.108+0200] {logging_mixin.py:188} INFO - [2025-08-19T17:34:51.108+0200] {dagbag.py:545} INFO - Filling up the DagBag from /Users/ehabhasan/.venvs/airflow310/lib/python3.10/site-packages/airflow/example_dags/example_xcomargs.py
[2025-08-19T17:34:51.123+0200] {processor.py:840} INFO - DAG(s) 'example_xcom_args_with_operators', 'example_xcom_args' retrieved from /Users/ehabhasan/.venvs/airflow310/lib/python3.10/site-packages/airflow/example_dags/example_xcomargs.py
[2025-08-19T17:34:51.161+0200] {logging_mixin.py:188} INFO - [2025-08-19T17:34:51.161+0200] {dag.py:3089} INFO - Sync 2 DAGs
[2025-08-19T17:34:51.189+0200] {logging_mixin.py:188} INFO - [2025-08-19T17:34:51.189+0200] {dag.py:3947} INFO - Setting next_dagrun for example_xcom_args to None, run_after=None
[2025-08-19T17:34:51.190+0200] {logging_mixin.py:188} INFO - [2025-08-19T17:34:51.190+0200] {dag.py:3947} INFO - Setting next_dagrun for example_xcom_args_with_operators to None, run_after=None
[2025-08-19T17:34:51.197+0200] {processor.py:183} INFO - Processing /Users/ehabhasan/.venvs/airflow310/lib/python3.10/site-packages/airflow/example_dags/example_xcomargs.py took 0.091 seconds
[2025-08-19T17:35:46.098+0200] {processor.py:161} INFO - Started process (PID=14406) to work on /Users/ehabhasan/.venvs/airflow310/lib/python3.10/site-packages/airflow/example_dags/example_xcomargs.py
[2025-08-19T17:35:46.098+0200] {processor.py:830} INFO - Processing file /Users/ehabhasan/.venvs/airflow310/lib/python3.10/site-packages/airflow/example_dags/example_xcomargs.py for tasks to queue
[2025-08-19T17:35:46.098+0200] {logging_mixin.py:188} INFO - [2025-08-19T17:35:46.098+0200] {dagbag.py:545} INFO - Filling up the DagBag from /Users/ehabhasan/.venvs/airflow310/lib/python3.10/site-packages/airflow/example_dags/example_xcomargs.py
[2025-08-19T17:35:46.112+0200] {processor.py:840} INFO - DAG(s) 'example_xcom_args_with_operators', 'example_xcom_args' retrieved from /Users/ehabhasan/.venvs/airflow310/lib/python3.10/site-packages/airflow/example_dags/example_xcomargs.py
[2025-08-19T17:35:46.149+0200] {logging_mixin.py:188} INFO - [2025-08-19T17:35:46.149+0200] {dag.py:3089} INFO - Sync 2 DAGs
[2025-08-19T17:35:46.174+0200] {logging_mixin.py:188} INFO - [2025-08-19T17:35:46.174+0200] {dag.py:3947} INFO - Setting next_dagrun for example_xcom_args to None, run_after=None
[2025-08-19T17:35:46.175+0200] {logging_mixin.py:188} INFO - [2025-08-19T17:35:46.175+0200] {dag.py:3947} INFO - Setting next_dagrun for example_xcom_args_with_operators to None, run_after=None
[2025-08-19T17:35:46.181+0200] {processor.py:183} INFO - Processing /Users/ehabhasan/.venvs/airflow310/lib/python3.10/site-packages/airflow/example_dags/example_xcomargs.py took 0.086 seconds
[2025-08-19T17:36:44.165+0200] {processor.py:161} INFO - Started process (PID=14493) to work on /Users/ehabhasan/.venvs/airflow310/lib/python3.10/site-packages/airflow/example_dags/example_xcomargs.py
[2025-08-19T17:36:44.165+0200] {processor.py:830} INFO - Processing file /Users/ehabhasan/.venvs/airflow310/lib/python3.10/site-packages/airflow/example_dags/example_xcomargs.py for tasks to queue
[2025-08-19T17:36:44.165+0200] {logging_mixin.py:188} INFO - [2025-08-19T17:36:44.165+0200] {dagbag.py:545} INFO - Filling up the DagBag from /Users/ehabhasan/.venvs/airflow310/lib/python3.10/site-packages/airflow/example_dags/example_xcomargs.py
[2025-08-19T17:36:44.179+0200] {processor.py:840} INFO - DAG(s) 'example_xcom_args', 'example_xcom_args_with_operators' retrieved from /Users/ehabhasan/.venvs/airflow310/lib/python3.10/site-packages/airflow/example_dags/example_xcomargs.py
[2025-08-19T17:36:44.216+0200] {logging_mixin.py:188} INFO - [2025-08-19T17:36:44.216+0200] {dag.py:3089} INFO - Sync 2 DAGs
[2025-08-19T17:36:44.239+0200] {logging_mixin.py:188} INFO - [2025-08-19T17:36:44.239+0200] {dag.py:3947} INFO - Setting next_dagrun for example_xcom_args to None, run_after=None
[2025-08-19T17:36:44.241+0200] {logging_mixin.py:188} INFO - [2025-08-19T17:36:44.240+0200] {dag.py:3947} INFO - Setting next_dagrun for example_xcom_args_with_operators to None, run_after=None
[2025-08-19T17:36:44.246+0200] {processor.py:183} INFO - Processing /Users/ehabhasan/.venvs/airflow310/lib/python3.10/site-packages/airflow/example_dags/example_xcomargs.py took 0.083 seconds
[2025-08-19T17:37:42.123+0200] {processor.py:161} INFO - Started process (PID=14569) to work on /Users/ehabhasan/.venvs/airflow310/lib/python3.10/site-packages/airflow/example_dags/example_xcomargs.py
[2025-08-19T17:37:42.123+0200] {processor.py:830} INFO - Processing file /Users/ehabhasan/.venvs/airflow310/lib/python3.10/site-packages/airflow/example_dags/example_xcomargs.py for tasks to queue
[2025-08-19T17:37:42.123+0200] {logging_mixin.py:188} INFO - [2025-08-19T17:37:42.123+0200] {dagbag.py:545} INFO - Filling up the DagBag from /Users/ehabhasan/.venvs/airflow310/lib/python3.10/site-packages/airflow/example_dags/example_xcomargs.py
[2025-08-19T17:37:42.137+0200] {processor.py:840} INFO - DAG(s) 'example_xcom_args', 'example_xcom_args_with_operators' retrieved from /Users/ehabhasan/.venvs/airflow310/lib/python3.10/site-packages/airflow/example_dags/example_xcomargs.py
[2025-08-19T17:37:42.172+0200] {logging_mixin.py:188} INFO - [2025-08-19T17:37:42.172+0200] {dag.py:3089} INFO - Sync 2 DAGs
[2025-08-19T17:37:42.196+0200] {logging_mixin.py:188} INFO - [2025-08-19T17:37:42.196+0200] {dag.py:3947} INFO - Setting next_dagrun for example_xcom_args to None, run_after=None
[2025-08-19T17:37:42.197+0200] {logging_mixin.py:188} INFO - [2025-08-19T17:37:42.197+0200] {dag.py:3947} INFO - Setting next_dagrun for example_xcom_args_with_operators to None, run_after=None
[2025-08-19T17:37:42.203+0200] {processor.py:183} INFO - Processing /Users/ehabhasan/.venvs/airflow310/lib/python3.10/site-packages/airflow/example_dags/example_xcomargs.py took 0.082 seconds
[2025-08-19T17:38:40.859+0200] {processor.py:161} INFO - Started process (PID=14725) to work on /Users/ehabhasan/.venvs/airflow310/lib/python3.10/site-packages/airflow/example_dags/example_xcomargs.py
[2025-08-19T17:38:40.860+0200] {processor.py:830} INFO - Processing file /Users/ehabhasan/.venvs/airflow310/lib/python3.10/site-packages/airflow/example_dags/example_xcomargs.py for tasks to queue
[2025-08-19T17:38:40.860+0200] {logging_mixin.py:188} INFO - [2025-08-19T17:38:40.860+0200] {dagbag.py:545} INFO - Filling up the DagBag from /Users/ehabhasan/.venvs/airflow310/lib/python3.10/site-packages/airflow/example_dags/example_xcomargs.py
[2025-08-19T17:38:40.874+0200] {processor.py:840} INFO - DAG(s) 'example_xcom_args', 'example_xcom_args_with_operators' retrieved from /Users/ehabhasan/.venvs/airflow310/lib/python3.10/site-packages/airflow/example_dags/example_xcomargs.py
[2025-08-19T17:38:40.912+0200] {logging_mixin.py:188} INFO - [2025-08-19T17:38:40.912+0200] {dag.py:3089} INFO - Sync 2 DAGs
[2025-08-19T17:38:40.937+0200] {logging_mixin.py:188} INFO - [2025-08-19T17:38:40.937+0200] {dag.py:3947} INFO - Setting next_dagrun for example_xcom_args to None, run_after=None
[2025-08-19T17:38:40.938+0200] {logging_mixin.py:188} INFO - [2025-08-19T17:38:40.938+0200] {dag.py:3947} INFO - Setting next_dagrun for example_xcom_args_with_operators to None, run_after=None
[2025-08-19T17:38:40.945+0200] {processor.py:183} INFO - Processing /Users/ehabhasan/.venvs/airflow310/lib/python3.10/site-packages/airflow/example_dags/example_xcomargs.py took 0.087 seconds
[2025-08-19T17:39:42.761+0200] {processor.py:161} INFO - Started process (PID=14772) to work on /Users/ehabhasan/.venvs/airflow310/lib/python3.10/site-packages/airflow/example_dags/example_xcomargs.py
[2025-08-19T17:39:42.761+0200] {processor.py:830} INFO - Processing file /Users/ehabhasan/.venvs/airflow310/lib/python3.10/site-packages/airflow/example_dags/example_xcomargs.py for tasks to queue
[2025-08-19T17:39:42.761+0200] {logging_mixin.py:188} INFO - [2025-08-19T17:39:42.761+0200] {dagbag.py:545} INFO - Filling up the DagBag from /Users/ehabhasan/.venvs/airflow310/lib/python3.10/site-packages/airflow/example_dags/example_xcomargs.py
[2025-08-19T17:39:42.775+0200] {processor.py:840} INFO - DAG(s) 'example_xcom_args_with_operators', 'example_xcom_args' retrieved from /Users/ehabhasan/.venvs/airflow310/lib/python3.10/site-packages/airflow/example_dags/example_xcomargs.py
[2025-08-19T17:39:42.812+0200] {logging_mixin.py:188} INFO - [2025-08-19T17:39:42.812+0200] {dag.py:3089} INFO - Sync 2 DAGs
[2025-08-19T17:39:42.835+0200] {logging_mixin.py:188} INFO - [2025-08-19T17:39:42.835+0200] {dag.py:3947} INFO - Setting next_dagrun for example_xcom_args to None, run_after=None
[2025-08-19T17:39:42.837+0200] {logging_mixin.py:188} INFO - [2025-08-19T17:39:42.836+0200] {dag.py:3947} INFO - Setting next_dagrun for example_xcom_args_with_operators to None, run_after=None
[2025-08-19T17:39:42.843+0200] {processor.py:183} INFO - Processing /Users/ehabhasan/.venvs/airflow310/lib/python3.10/site-packages/airflow/example_dags/example_xcomargs.py took 0.084 seconds
[2025-08-19T17:40:40.853+0200] {processor.py:161} INFO - Started process (PID=14854) to work on /Users/ehabhasan/.venvs/airflow310/lib/python3.10/site-packages/airflow/example_dags/example_xcomargs.py
[2025-08-19T17:40:40.854+0200] {processor.py:830} INFO - Processing file /Users/ehabhasan/.venvs/airflow310/lib/python3.10/site-packages/airflow/example_dags/example_xcomargs.py for tasks to queue
[2025-08-19T17:40:40.854+0200] {logging_mixin.py:188} INFO - [2025-08-19T17:40:40.854+0200] {dagbag.py:545} INFO - Filling up the DagBag from /Users/ehabhasan/.venvs/airflow310/lib/python3.10/site-packages/airflow/example_dags/example_xcomargs.py
[2025-08-19T17:40:40.868+0200] {processor.py:840} INFO - DAG(s) 'example_xcom_args', 'example_xcom_args_with_operators' retrieved from /Users/ehabhasan/.venvs/airflow310/lib/python3.10/site-packages/airflow/example_dags/example_xcomargs.py
[2025-08-19T17:40:40.905+0200] {logging_mixin.py:188} INFO - [2025-08-19T17:40:40.905+0200] {dag.py:3089} INFO - Sync 2 DAGs
[2025-08-19T17:40:40.929+0200] {logging_mixin.py:188} INFO - [2025-08-19T17:40:40.928+0200] {dag.py:3947} INFO - Setting next_dagrun for example_xcom_args to None, run_after=None
[2025-08-19T17:40:40.930+0200] {logging_mixin.py:188} INFO - [2025-08-19T17:40:40.930+0200] {dag.py:3947} INFO - Setting next_dagrun for example_xcom_args_with_operators to None, run_after=None
[2025-08-19T17:40:40.936+0200] {processor.py:183} INFO - Processing /Users/ehabhasan/.venvs/airflow310/lib/python3.10/site-packages/airflow/example_dags/example_xcomargs.py took 0.084 seconds
[2025-08-19T17:45:17.236+0200] {processor.py:161} INFO - Started process (PID=14963) to work on /Users/ehabhasan/.venvs/airflow310/lib/python3.10/site-packages/airflow/example_dags/example_xcomargs.py
[2025-08-19T17:45:17.236+0200] {processor.py:830} INFO - Processing file /Users/ehabhasan/.venvs/airflow310/lib/python3.10/site-packages/airflow/example_dags/example_xcomargs.py for tasks to queue
[2025-08-19T17:45:17.236+0200] {logging_mixin.py:188} INFO - [2025-08-19T17:45:17.236+0200] {dagbag.py:545} INFO - Filling up the DagBag from /Users/ehabhasan/.venvs/airflow310/lib/python3.10/site-packages/airflow/example_dags/example_xcomargs.py
[2025-08-19T17:45:17.251+0200] {processor.py:840} INFO - DAG(s) 'example_xcom_args_with_operators', 'example_xcom_args' retrieved from /Users/ehabhasan/.venvs/airflow310/lib/python3.10/site-packages/airflow/example_dags/example_xcomargs.py
[2025-08-19T17:45:17.290+0200] {logging_mixin.py:188} INFO - [2025-08-19T17:45:17.290+0200] {dag.py:3089} INFO - Sync 2 DAGs
[2025-08-19T17:45:17.317+0200] {logging_mixin.py:188} INFO - [2025-08-19T17:45:17.317+0200] {dag.py:3947} INFO - Setting next_dagrun for example_xcom_args to None, run_after=None
[2025-08-19T17:45:17.318+0200] {logging_mixin.py:188} INFO - [2025-08-19T17:45:17.318+0200] {dag.py:3947} INFO - Setting next_dagrun for example_xcom_args_with_operators to None, run_after=None
[2025-08-19T17:45:17.324+0200] {processor.py:183} INFO - Processing /Users/ehabhasan/.venvs/airflow310/lib/python3.10/site-packages/airflow/example_dags/example_xcomargs.py took 0.090 seconds
[2025-08-19T17:46:19.458+0200] {processor.py:161} INFO - Started process (PID=15005) to work on /Users/ehabhasan/.venvs/airflow310/lib/python3.10/site-packages/airflow/example_dags/example_xcomargs.py
[2025-08-19T17:46:19.458+0200] {processor.py:830} INFO - Processing file /Users/ehabhasan/.venvs/airflow310/lib/python3.10/site-packages/airflow/example_dags/example_xcomargs.py for tasks to queue
[2025-08-19T17:46:19.458+0200] {logging_mixin.py:188} INFO - [2025-08-19T17:46:19.458+0200] {dagbag.py:545} INFO - Filling up the DagBag from /Users/ehabhasan/.venvs/airflow310/lib/python3.10/site-packages/airflow/example_dags/example_xcomargs.py
[2025-08-19T17:46:19.473+0200] {processor.py:840} INFO - DAG(s) 'example_xcom_args', 'example_xcom_args_with_operators' retrieved from /Users/ehabhasan/.venvs/airflow310/lib/python3.10/site-packages/airflow/example_dags/example_xcomargs.py
[2025-08-19T17:46:19.512+0200] {logging_mixin.py:188} INFO - [2025-08-19T17:46:19.512+0200] {dag.py:3089} INFO - Sync 2 DAGs
[2025-08-19T17:46:19.537+0200] {logging_mixin.py:188} INFO - [2025-08-19T17:46:19.537+0200] {dag.py:3947} INFO - Setting next_dagrun for example_xcom_args to None, run_after=None
[2025-08-19T17:46:19.538+0200] {logging_mixin.py:188} INFO - [2025-08-19T17:46:19.538+0200] {dag.py:3947} INFO - Setting next_dagrun for example_xcom_args_with_operators to None, run_after=None
[2025-08-19T17:46:19.544+0200] {processor.py:183} INFO - Processing /Users/ehabhasan/.venvs/airflow310/lib/python3.10/site-packages/airflow/example_dags/example_xcomargs.py took 0.088 seconds
[2025-08-19T17:47:20.016+0200] {processor.py:161} INFO - Started process (PID=15064) to work on /Users/ehabhasan/.venvs/airflow310/lib/python3.10/site-packages/airflow/example_dags/example_xcomargs.py
[2025-08-19T17:47:20.016+0200] {processor.py:830} INFO - Processing file /Users/ehabhasan/.venvs/airflow310/lib/python3.10/site-packages/airflow/example_dags/example_xcomargs.py for tasks to queue
[2025-08-19T17:47:20.016+0200] {logging_mixin.py:188} INFO - [2025-08-19T17:47:20.016+0200] {dagbag.py:545} INFO - Filling up the DagBag from /Users/ehabhasan/.venvs/airflow310/lib/python3.10/site-packages/airflow/example_dags/example_xcomargs.py
[2025-08-19T17:47:20.032+0200] {processor.py:840} INFO - DAG(s) 'example_xcom_args_with_operators', 'example_xcom_args' retrieved from /Users/ehabhasan/.venvs/airflow310/lib/python3.10/site-packages/airflow/example_dags/example_xcomargs.py
[2025-08-19T17:47:20.071+0200] {logging_mixin.py:188} INFO - [2025-08-19T17:47:20.071+0200] {dag.py:3089} INFO - Sync 2 DAGs
[2025-08-19T17:47:20.098+0200] {logging_mixin.py:188} INFO - [2025-08-19T17:47:20.098+0200] {dag.py:3947} INFO - Setting next_dagrun for example_xcom_args to None, run_after=None
[2025-08-19T17:47:20.099+0200] {logging_mixin.py:188} INFO - [2025-08-19T17:47:20.099+0200] {dag.py:3947} INFO - Setting next_dagrun for example_xcom_args_with_operators to None, run_after=None
[2025-08-19T17:47:20.106+0200] {processor.py:183} INFO - Processing /Users/ehabhasan/.venvs/airflow310/lib/python3.10/site-packages/airflow/example_dags/example_xcomargs.py took 0.092 seconds
[2025-08-19T17:48:20.667+0200] {processor.py:161} INFO - Started process (PID=15103) to work on /Users/ehabhasan/.venvs/airflow310/lib/python3.10/site-packages/airflow/example_dags/example_xcomargs.py
[2025-08-19T17:48:20.668+0200] {processor.py:830} INFO - Processing file /Users/ehabhasan/.venvs/airflow310/lib/python3.10/site-packages/airflow/example_dags/example_xcomargs.py for tasks to queue
[2025-08-19T17:48:20.668+0200] {logging_mixin.py:188} INFO - [2025-08-19T17:48:20.668+0200] {dagbag.py:545} INFO - Filling up the DagBag from /Users/ehabhasan/.venvs/airflow310/lib/python3.10/site-packages/airflow/example_dags/example_xcomargs.py
[2025-08-19T17:48:20.682+0200] {processor.py:840} INFO - DAG(s) 'example_xcom_args', 'example_xcom_args_with_operators' retrieved from /Users/ehabhasan/.venvs/airflow310/lib/python3.10/site-packages/airflow/example_dags/example_xcomargs.py
[2025-08-19T17:48:20.718+0200] {logging_mixin.py:188} INFO - [2025-08-19T17:48:20.718+0200] {dag.py:3089} INFO - Sync 2 DAGs
[2025-08-19T17:48:20.741+0200] {logging_mixin.py:188} INFO - [2025-08-19T17:48:20.741+0200] {dag.py:3947} INFO - Setting next_dagrun for example_xcom_args to None, run_after=None
[2025-08-19T17:48:20.743+0200] {logging_mixin.py:188} INFO - [2025-08-19T17:48:20.743+0200] {dag.py:3947} INFO - Setting next_dagrun for example_xcom_args_with_operators to None, run_after=None
[2025-08-19T17:48:20.749+0200] {processor.py:183} INFO - Processing /Users/ehabhasan/.venvs/airflow310/lib/python3.10/site-packages/airflow/example_dags/example_xcomargs.py took 0.083 seconds
[2025-08-19T17:49:16.920+0200] {processor.py:161} INFO - Started process (PID=15145) to work on /Users/ehabhasan/.venvs/airflow310/lib/python3.10/site-packages/airflow/example_dags/example_xcomargs.py
[2025-08-19T17:49:16.920+0200] {processor.py:830} INFO - Processing file /Users/ehabhasan/.venvs/airflow310/lib/python3.10/site-packages/airflow/example_dags/example_xcomargs.py for tasks to queue
[2025-08-19T17:49:16.920+0200] {logging_mixin.py:188} INFO - [2025-08-19T17:49:16.920+0200] {dagbag.py:545} INFO - Filling up the DagBag from /Users/ehabhasan/.venvs/airflow310/lib/python3.10/site-packages/airflow/example_dags/example_xcomargs.py
[2025-08-19T17:49:16.935+0200] {processor.py:840} INFO - DAG(s) 'example_xcom_args', 'example_xcom_args_with_operators' retrieved from /Users/ehabhasan/.venvs/airflow310/lib/python3.10/site-packages/airflow/example_dags/example_xcomargs.py
[2025-08-19T17:49:16.972+0200] {logging_mixin.py:188} INFO - [2025-08-19T17:49:16.972+0200] {dag.py:3089} INFO - Sync 2 DAGs
[2025-08-19T17:49:16.996+0200] {logging_mixin.py:188} INFO - [2025-08-19T17:49:16.996+0200] {dag.py:3947} INFO - Setting next_dagrun for example_xcom_args to None, run_after=None
[2025-08-19T17:49:16.997+0200] {logging_mixin.py:188} INFO - [2025-08-19T17:49:16.997+0200] {dag.py:3947} INFO - Setting next_dagrun for example_xcom_args_with_operators to None, run_after=None
[2025-08-19T17:49:17.003+0200] {processor.py:183} INFO - Processing /Users/ehabhasan/.venvs/airflow310/lib/python3.10/site-packages/airflow/example_dags/example_xcomargs.py took 0.085 seconds
[2025-08-19T17:50:11.124+0200] {processor.py:161} INFO - Started process (PID=15186) to work on /Users/ehabhasan/.venvs/airflow310/lib/python3.10/site-packages/airflow/example_dags/example_xcomargs.py
[2025-08-19T17:50:11.125+0200] {processor.py:830} INFO - Processing file /Users/ehabhasan/.venvs/airflow310/lib/python3.10/site-packages/airflow/example_dags/example_xcomargs.py for tasks to queue
[2025-08-19T17:50:11.125+0200] {logging_mixin.py:188} INFO - [2025-08-19T17:50:11.125+0200] {dagbag.py:545} INFO - Filling up the DagBag from /Users/ehabhasan/.venvs/airflow310/lib/python3.10/site-packages/airflow/example_dags/example_xcomargs.py
[2025-08-19T17:50:11.139+0200] {processor.py:840} INFO - DAG(s) 'example_xcom_args', 'example_xcom_args_with_operators' retrieved from /Users/ehabhasan/.venvs/airflow310/lib/python3.10/site-packages/airflow/example_dags/example_xcomargs.py
[2025-08-19T17:50:11.178+0200] {logging_mixin.py:188} INFO - [2025-08-19T17:50:11.178+0200] {dag.py:3089} INFO - Sync 2 DAGs
[2025-08-19T17:50:11.202+0200] {logging_mixin.py:188} INFO - [2025-08-19T17:50:11.202+0200] {dag.py:3947} INFO - Setting next_dagrun for example_xcom_args to None, run_after=None
[2025-08-19T17:50:11.203+0200] {logging_mixin.py:188} INFO - [2025-08-19T17:50:11.203+0200] {dag.py:3947} INFO - Setting next_dagrun for example_xcom_args_with_operators to None, run_after=None
[2025-08-19T17:50:11.209+0200] {processor.py:183} INFO - Processing /Users/ehabhasan/.venvs/airflow310/lib/python3.10/site-packages/airflow/example_dags/example_xcomargs.py took 0.087 seconds
