[2025-08-19T16:48:52.029+0200] {processor.py:161} INFO - Started process (PID=7661) to work on /Users/ehabhasan/.venvs/airflow310/lib/python3.10/site-packages/airflow/example_dags/example_datasets.py
[2025-08-19T16:48:52.029+0200] {processor.py:830} INFO - Processing file /Users/ehabhasan/.venvs/airflow310/lib/python3.10/site-packages/airflow/example_dags/example_datasets.py for tasks to queue
[2025-08-19T16:48:52.029+0200] {logging_mixin.py:188} INFO - [2025-08-19T16:48:52.029+0200] {dagbag.py:545} INFO - Filling up the DagBag from /Users/ehabhasan/.venvs/airflow310/lib/python3.10/site-packages/airflow/example_dags/example_datasets.py
[2025-08-19T16:48:52.057+0200] {processor.py:840} INFO - DAG(s) 'dataset_produces_2', 'dataset_consumes_1', 'consume_1_and_2_with_dataset_expressions', 'conditional_dataset_and_time_based_timetable', 'dataset_consumes_unknown_never_scheduled', 'dataset_produces_1', 'consume_1_or_both_2_and_3_with_dataset_expressions', 'dataset_consumes_1_never_scheduled', 'consume_1_or_2_with_dataset_expressions', 'dataset_consumes_1_and_2' retrieved from /Users/ehabhasan/.venvs/airflow310/lib/python3.10/site-packages/airflow/example_dags/example_datasets.py
[2025-08-19T16:48:52.161+0200] {logging_mixin.py:188} INFO - [2025-08-19T16:48:52.161+0200] {dag.py:3089} INFO - Sync 10 DAGs
[2025-08-19T16:48:52.167+0200] {logging_mixin.py:188} INFO - [2025-08-19T16:48:52.167+0200] {dag.py:3947} INFO - Setting next_dagrun for conditional_dataset_and_time_based_timetable to 2025-08-13 01:00:00+00:00, run_after=2025-08-13 01:00:00+00:00
[2025-08-19T16:48:52.168+0200] {logging_mixin.py:188} INFO - [2025-08-19T16:48:52.168+0200] {dag.py:3947} INFO - Setting next_dagrun for consume_1_and_2_with_dataset_expressions to None, run_after=None
[2025-08-19T16:48:52.168+0200] {logging_mixin.py:188} INFO - [2025-08-19T16:48:52.168+0200] {dag.py:3947} INFO - Setting next_dagrun for consume_1_or_2_with_dataset_expressions to None, run_after=None
[2025-08-19T16:48:52.168+0200] {logging_mixin.py:188} INFO - [2025-08-19T16:48:52.168+0200] {dag.py:3947} INFO - Setting next_dagrun for consume_1_or_both_2_and_3_with_dataset_expressions to None, run_after=None
[2025-08-19T16:48:52.169+0200] {logging_mixin.py:188} INFO - [2025-08-19T16:48:52.169+0200] {dag.py:3947} INFO - Setting next_dagrun for dataset_consumes_1 to None, run_after=None
[2025-08-19T16:48:52.169+0200] {logging_mixin.py:188} INFO - [2025-08-19T16:48:52.169+0200] {dag.py:3947} INFO - Setting next_dagrun for dataset_consumes_1_and_2 to None, run_after=None
[2025-08-19T16:48:52.169+0200] {logging_mixin.py:188} INFO - [2025-08-19T16:48:52.169+0200] {dag.py:3947} INFO - Setting next_dagrun for dataset_consumes_1_never_scheduled to None, run_after=None
[2025-08-19T16:48:52.170+0200] {logging_mixin.py:188} INFO - [2025-08-19T16:48:52.170+0200] {dag.py:3947} INFO - Setting next_dagrun for dataset_consumes_unknown_never_scheduled to None, run_after=None
[2025-08-19T16:48:52.170+0200] {logging_mixin.py:188} INFO - [2025-08-19T16:48:52.170+0200] {dag.py:3947} INFO - Setting next_dagrun for dataset_produces_1 to 2025-08-18 00:00:00+00:00, run_after=2025-08-19 00:00:00+00:00
[2025-08-19T16:48:52.170+0200] {logging_mixin.py:188} INFO - [2025-08-19T16:48:52.170+0200] {dag.py:3947} INFO - Setting next_dagrun for dataset_produces_2 to None, run_after=None
[2025-08-19T16:48:52.181+0200] {processor.py:183} INFO - Processing /Users/ehabhasan/.venvs/airflow310/lib/python3.10/site-packages/airflow/example_dags/example_datasets.py took 0.154 seconds
[2025-08-19T16:50:27.069+0200] {processor.py:161} INFO - Started process (PID=7732) to work on /Users/ehabhasan/.venvs/airflow310/lib/python3.10/site-packages/airflow/example_dags/example_datasets.py
[2025-08-19T16:50:27.070+0200] {processor.py:830} INFO - Processing file /Users/ehabhasan/.venvs/airflow310/lib/python3.10/site-packages/airflow/example_dags/example_datasets.py for tasks to queue
[2025-08-19T16:50:27.070+0200] {logging_mixin.py:188} INFO - [2025-08-19T16:50:27.070+0200] {dagbag.py:545} INFO - Filling up the DagBag from /Users/ehabhasan/.venvs/airflow310/lib/python3.10/site-packages/airflow/example_dags/example_datasets.py
[2025-08-19T16:50:27.095+0200] {processor.py:840} INFO - DAG(s) 'dataset_consumes_1_and_2', 'dataset_produces_2', 'dataset_consumes_1', 'consume_1_and_2_with_dataset_expressions', 'dataset_produces_1', 'consume_1_or_both_2_and_3_with_dataset_expressions', 'dataset_consumes_unknown_never_scheduled', 'dataset_consumes_1_never_scheduled', 'conditional_dataset_and_time_based_timetable', 'consume_1_or_2_with_dataset_expressions' retrieved from /Users/ehabhasan/.venvs/airflow310/lib/python3.10/site-packages/airflow/example_dags/example_datasets.py
[2025-08-19T16:50:27.138+0200] {logging_mixin.py:188} INFO - [2025-08-19T16:50:27.138+0200] {dag.py:3089} INFO - Sync 10 DAGs
[2025-08-19T16:50:27.145+0200] {logging_mixin.py:188} INFO - [2025-08-19T16:50:27.145+0200] {dag.py:3947} INFO - Setting next_dagrun for conditional_dataset_and_time_based_timetable to 2025-08-13 01:00:00+00:00, run_after=2025-08-13 01:00:00+00:00
[2025-08-19T16:50:27.146+0200] {logging_mixin.py:188} INFO - [2025-08-19T16:50:27.146+0200] {dag.py:3947} INFO - Setting next_dagrun for consume_1_and_2_with_dataset_expressions to None, run_after=None
[2025-08-19T16:50:27.146+0200] {logging_mixin.py:188} INFO - [2025-08-19T16:50:27.146+0200] {dag.py:3947} INFO - Setting next_dagrun for consume_1_or_2_with_dataset_expressions to None, run_after=None
[2025-08-19T16:50:27.146+0200] {logging_mixin.py:188} INFO - [2025-08-19T16:50:27.146+0200] {dag.py:3947} INFO - Setting next_dagrun for consume_1_or_both_2_and_3_with_dataset_expressions to None, run_after=None
[2025-08-19T16:50:27.146+0200] {logging_mixin.py:188} INFO - [2025-08-19T16:50:27.146+0200] {dag.py:3947} INFO - Setting next_dagrun for dataset_consumes_1 to None, run_after=None
[2025-08-19T16:50:27.167+0200] {logging_mixin.py:188} INFO - [2025-08-19T16:50:27.166+0200] {dag.py:3947} INFO - Setting next_dagrun for dataset_consumes_1_and_2 to None, run_after=None
[2025-08-19T16:50:27.167+0200] {logging_mixin.py:188} INFO - [2025-08-19T16:50:27.167+0200] {dag.py:3947} INFO - Setting next_dagrun for dataset_consumes_1_never_scheduled to None, run_after=None
[2025-08-19T16:50:27.167+0200] {logging_mixin.py:188} INFO - [2025-08-19T16:50:27.167+0200] {dag.py:3947} INFO - Setting next_dagrun for dataset_consumes_unknown_never_scheduled to None, run_after=None
[2025-08-19T16:50:27.168+0200] {logging_mixin.py:188} INFO - [2025-08-19T16:50:27.168+0200] {dag.py:3947} INFO - Setting next_dagrun for dataset_produces_1 to 2025-08-18 00:00:00+00:00, run_after=2025-08-19 00:00:00+00:00
[2025-08-19T16:50:27.168+0200] {logging_mixin.py:188} INFO - [2025-08-19T16:50:27.168+0200] {dag.py:3947} INFO - Setting next_dagrun for dataset_produces_2 to None, run_after=None
[2025-08-19T16:50:27.178+0200] {processor.py:183} INFO - Processing /Users/ehabhasan/.venvs/airflow310/lib/python3.10/site-packages/airflow/example_dags/example_datasets.py took 0.111 seconds
[2025-08-19T16:52:05.705+0200] {processor.py:161} INFO - Started process (PID=7805) to work on /Users/ehabhasan/.venvs/airflow310/lib/python3.10/site-packages/airflow/example_dags/example_datasets.py
[2025-08-19T16:52:05.705+0200] {processor.py:830} INFO - Processing file /Users/ehabhasan/.venvs/airflow310/lib/python3.10/site-packages/airflow/example_dags/example_datasets.py for tasks to queue
[2025-08-19T16:52:05.706+0200] {logging_mixin.py:188} INFO - [2025-08-19T16:52:05.706+0200] {dagbag.py:545} INFO - Filling up the DagBag from /Users/ehabhasan/.venvs/airflow310/lib/python3.10/site-packages/airflow/example_dags/example_datasets.py
[2025-08-19T16:52:05.720+0200] {processor.py:840} INFO - DAG(s) 'consume_1_or_2_with_dataset_expressions', 'dataset_consumes_unknown_never_scheduled', 'dataset_consumes_1_never_scheduled', 'conditional_dataset_and_time_based_timetable', 'dataset_produces_1', 'dataset_produces_2', 'consume_1_and_2_with_dataset_expressions', 'dataset_consumes_1', 'dataset_consumes_1_and_2', 'consume_1_or_both_2_and_3_with_dataset_expressions' retrieved from /Users/ehabhasan/.venvs/airflow310/lib/python3.10/site-packages/airflow/example_dags/example_datasets.py
[2025-08-19T16:52:05.763+0200] {logging_mixin.py:188} INFO - [2025-08-19T16:52:05.763+0200] {dag.py:3089} INFO - Sync 10 DAGs
[2025-08-19T16:52:05.770+0200] {logging_mixin.py:188} INFO - [2025-08-19T16:52:05.770+0200] {dag.py:3947} INFO - Setting next_dagrun for conditional_dataset_and_time_based_timetable to 2025-08-13 01:00:00+00:00, run_after=2025-08-13 01:00:00+00:00
[2025-08-19T16:52:05.771+0200] {logging_mixin.py:188} INFO - [2025-08-19T16:52:05.771+0200] {dag.py:3947} INFO - Setting next_dagrun for consume_1_and_2_with_dataset_expressions to None, run_after=None
[2025-08-19T16:52:05.771+0200] {logging_mixin.py:188} INFO - [2025-08-19T16:52:05.771+0200] {dag.py:3947} INFO - Setting next_dagrun for consume_1_or_2_with_dataset_expressions to None, run_after=None
[2025-08-19T16:52:05.772+0200] {logging_mixin.py:188} INFO - [2025-08-19T16:52:05.772+0200] {dag.py:3947} INFO - Setting next_dagrun for consume_1_or_both_2_and_3_with_dataset_expressions to None, run_after=None
[2025-08-19T16:52:05.772+0200] {logging_mixin.py:188} INFO - [2025-08-19T16:52:05.772+0200] {dag.py:3947} INFO - Setting next_dagrun for dataset_consumes_1 to None, run_after=None
[2025-08-19T16:52:05.792+0200] {logging_mixin.py:188} INFO - [2025-08-19T16:52:05.791+0200] {dag.py:3947} INFO - Setting next_dagrun for dataset_consumes_1_and_2 to None, run_after=None
[2025-08-19T16:52:05.792+0200] {logging_mixin.py:188} INFO - [2025-08-19T16:52:05.792+0200] {dag.py:3947} INFO - Setting next_dagrun for dataset_consumes_1_never_scheduled to None, run_after=None
[2025-08-19T16:52:05.792+0200] {logging_mixin.py:188} INFO - [2025-08-19T16:52:05.792+0200] {dag.py:3947} INFO - Setting next_dagrun for dataset_consumes_unknown_never_scheduled to None, run_after=None
[2025-08-19T16:52:05.793+0200] {logging_mixin.py:188} INFO - [2025-08-19T16:52:05.793+0200] {dag.py:3947} INFO - Setting next_dagrun for dataset_produces_1 to 2025-08-18 00:00:00+00:00, run_after=2025-08-19 00:00:00+00:00
[2025-08-19T16:52:05.793+0200] {logging_mixin.py:188} INFO - [2025-08-19T16:52:05.793+0200] {dag.py:3947} INFO - Setting next_dagrun for dataset_produces_2 to None, run_after=None
[2025-08-19T16:52:05.803+0200] {processor.py:183} INFO - Processing /Users/ehabhasan/.venvs/airflow310/lib/python3.10/site-packages/airflow/example_dags/example_datasets.py took 0.100 seconds
[2025-08-19T16:53:43.352+0200] {processor.py:161} INFO - Started process (PID=7875) to work on /Users/ehabhasan/.venvs/airflow310/lib/python3.10/site-packages/airflow/example_dags/example_datasets.py
[2025-08-19T16:53:43.353+0200] {processor.py:830} INFO - Processing file /Users/ehabhasan/.venvs/airflow310/lib/python3.10/site-packages/airflow/example_dags/example_datasets.py for tasks to queue
[2025-08-19T16:53:43.353+0200] {logging_mixin.py:188} INFO - [2025-08-19T16:53:43.353+0200] {dagbag.py:545} INFO - Filling up the DagBag from /Users/ehabhasan/.venvs/airflow310/lib/python3.10/site-packages/airflow/example_dags/example_datasets.py
[2025-08-19T16:53:43.367+0200] {processor.py:840} INFO - DAG(s) 'dataset_consumes_1', 'dataset_produces_2', 'consume_1_or_2_with_dataset_expressions', 'dataset_consumes_unknown_never_scheduled', 'consume_1_or_both_2_and_3_with_dataset_expressions', 'dataset_consumes_1_never_scheduled', 'dataset_produces_1', 'consume_1_and_2_with_dataset_expressions', 'conditional_dataset_and_time_based_timetable', 'dataset_consumes_1_and_2' retrieved from /Users/ehabhasan/.venvs/airflow310/lib/python3.10/site-packages/airflow/example_dags/example_datasets.py
[2025-08-19T16:53:43.410+0200] {logging_mixin.py:188} INFO - [2025-08-19T16:53:43.410+0200] {dag.py:3089} INFO - Sync 10 DAGs
[2025-08-19T16:53:43.417+0200] {logging_mixin.py:188} INFO - [2025-08-19T16:53:43.417+0200] {dag.py:3947} INFO - Setting next_dagrun for conditional_dataset_and_time_based_timetable to 2025-08-13 01:00:00+00:00, run_after=2025-08-13 01:00:00+00:00
[2025-08-19T16:53:43.418+0200] {logging_mixin.py:188} INFO - [2025-08-19T16:53:43.418+0200] {dag.py:3947} INFO - Setting next_dagrun for consume_1_and_2_with_dataset_expressions to None, run_after=None
[2025-08-19T16:53:43.419+0200] {logging_mixin.py:188} INFO - [2025-08-19T16:53:43.419+0200] {dag.py:3947} INFO - Setting next_dagrun for consume_1_or_2_with_dataset_expressions to None, run_after=None
[2025-08-19T16:53:43.419+0200] {logging_mixin.py:188} INFO - [2025-08-19T16:53:43.419+0200] {dag.py:3947} INFO - Setting next_dagrun for consume_1_or_both_2_and_3_with_dataset_expressions to None, run_after=None
[2025-08-19T16:53:43.419+0200] {logging_mixin.py:188} INFO - [2025-08-19T16:53:43.419+0200] {dag.py:3947} INFO - Setting next_dagrun for dataset_consumes_1 to None, run_after=None
[2025-08-19T16:53:43.439+0200] {logging_mixin.py:188} INFO - [2025-08-19T16:53:43.439+0200] {dag.py:3947} INFO - Setting next_dagrun for dataset_consumes_1_and_2 to None, run_after=None
[2025-08-19T16:53:43.440+0200] {logging_mixin.py:188} INFO - [2025-08-19T16:53:43.440+0200] {dag.py:3947} INFO - Setting next_dagrun for dataset_consumes_1_never_scheduled to None, run_after=None
[2025-08-19T16:53:43.440+0200] {logging_mixin.py:188} INFO - [2025-08-19T16:53:43.440+0200] {dag.py:3947} INFO - Setting next_dagrun for dataset_consumes_unknown_never_scheduled to None, run_after=None
[2025-08-19T16:53:43.441+0200] {logging_mixin.py:188} INFO - [2025-08-19T16:53:43.441+0200] {dag.py:3947} INFO - Setting next_dagrun for dataset_produces_1 to 2025-08-18 00:00:00+00:00, run_after=2025-08-19 00:00:00+00:00
[2025-08-19T16:53:43.441+0200] {logging_mixin.py:188} INFO - [2025-08-19T16:53:43.441+0200] {dag.py:3947} INFO - Setting next_dagrun for dataset_produces_2 to None, run_after=None
[2025-08-19T16:53:43.451+0200] {processor.py:183} INFO - Processing /Users/ehabhasan/.venvs/airflow310/lib/python3.10/site-packages/airflow/example_dags/example_datasets.py took 0.100 seconds
[2025-08-19T16:55:19.176+0200] {processor.py:161} INFO - Started process (PID=7984) to work on /Users/ehabhasan/.venvs/airflow310/lib/python3.10/site-packages/airflow/example_dags/example_datasets.py
[2025-08-19T16:55:19.179+0200] {processor.py:830} INFO - Processing file /Users/ehabhasan/.venvs/airflow310/lib/python3.10/site-packages/airflow/example_dags/example_datasets.py for tasks to queue
[2025-08-19T16:55:19.179+0200] {logging_mixin.py:188} INFO - [2025-08-19T16:55:19.179+0200] {dagbag.py:545} INFO - Filling up the DagBag from /Users/ehabhasan/.venvs/airflow310/lib/python3.10/site-packages/airflow/example_dags/example_datasets.py
[2025-08-19T16:55:19.204+0200] {processor.py:840} INFO - DAG(s) 'dataset_consumes_1_never_scheduled', 'conditional_dataset_and_time_based_timetable', 'consume_1_or_both_2_and_3_with_dataset_expressions', 'consume_1_and_2_with_dataset_expressions', 'dataset_produces_2', 'dataset_consumes_1_and_2', 'consume_1_or_2_with_dataset_expressions', 'dataset_consumes_1', 'dataset_consumes_unknown_never_scheduled', 'dataset_produces_1' retrieved from /Users/ehabhasan/.venvs/airflow310/lib/python3.10/site-packages/airflow/example_dags/example_datasets.py
[2025-08-19T16:55:19.246+0200] {logging_mixin.py:188} INFO - [2025-08-19T16:55:19.246+0200] {dag.py:3089} INFO - Sync 10 DAGs
[2025-08-19T16:55:19.253+0200] {logging_mixin.py:188} INFO - [2025-08-19T16:55:19.253+0200] {dag.py:3947} INFO - Setting next_dagrun for conditional_dataset_and_time_based_timetable to 2025-08-13 01:00:00+00:00, run_after=2025-08-13 01:00:00+00:00
[2025-08-19T16:55:19.254+0200] {logging_mixin.py:188} INFO - [2025-08-19T16:55:19.254+0200] {dag.py:3947} INFO - Setting next_dagrun for consume_1_and_2_with_dataset_expressions to None, run_after=None
[2025-08-19T16:55:19.254+0200] {logging_mixin.py:188} INFO - [2025-08-19T16:55:19.254+0200] {dag.py:3947} INFO - Setting next_dagrun for consume_1_or_2_with_dataset_expressions to None, run_after=None
[2025-08-19T16:55:19.254+0200] {logging_mixin.py:188} INFO - [2025-08-19T16:55:19.254+0200] {dag.py:3947} INFO - Setting next_dagrun for consume_1_or_both_2_and_3_with_dataset_expressions to None, run_after=None
[2025-08-19T16:55:19.255+0200] {logging_mixin.py:188} INFO - [2025-08-19T16:55:19.255+0200] {dag.py:3947} INFO - Setting next_dagrun for dataset_consumes_1 to None, run_after=None
[2025-08-19T16:55:19.255+0200] {logging_mixin.py:188} INFO - [2025-08-19T16:55:19.255+0200] {dag.py:3947} INFO - Setting next_dagrun for dataset_consumes_1_and_2 to None, run_after=None
[2025-08-19T16:55:19.255+0200] {logging_mixin.py:188} INFO - [2025-08-19T16:55:19.255+0200] {dag.py:3947} INFO - Setting next_dagrun for dataset_consumes_1_never_scheduled to None, run_after=None
[2025-08-19T16:55:19.275+0200] {logging_mixin.py:188} INFO - [2025-08-19T16:55:19.275+0200] {dag.py:3947} INFO - Setting next_dagrun for dataset_consumes_unknown_never_scheduled to None, run_after=None
[2025-08-19T16:55:19.276+0200] {logging_mixin.py:188} INFO - [2025-08-19T16:55:19.276+0200] {dag.py:3947} INFO - Setting next_dagrun for dataset_produces_1 to 2025-08-18 00:00:00+00:00, run_after=2025-08-19 00:00:00+00:00
[2025-08-19T16:55:19.276+0200] {logging_mixin.py:188} INFO - [2025-08-19T16:55:19.276+0200] {dag.py:3947} INFO - Setting next_dagrun for dataset_produces_2 to None, run_after=None
[2025-08-19T16:55:19.286+0200] {processor.py:183} INFO - Processing /Users/ehabhasan/.venvs/airflow310/lib/python3.10/site-packages/airflow/example_dags/example_datasets.py took 0.111 seconds
[2025-08-19T16:57:04.378+0200] {processor.py:161} INFO - Started process (PID=8063) to work on /Users/ehabhasan/.venvs/airflow310/lib/python3.10/site-packages/airflow/example_dags/example_datasets.py
[2025-08-19T16:57:04.379+0200] {processor.py:830} INFO - Processing file /Users/ehabhasan/.venvs/airflow310/lib/python3.10/site-packages/airflow/example_dags/example_datasets.py for tasks to queue
[2025-08-19T16:57:04.379+0200] {logging_mixin.py:188} INFO - [2025-08-19T16:57:04.379+0200] {dagbag.py:545} INFO - Filling up the DagBag from /Users/ehabhasan/.venvs/airflow310/lib/python3.10/site-packages/airflow/example_dags/example_datasets.py
[2025-08-19T16:57:04.415+0200] {processor.py:840} INFO - DAG(s) 'dataset_produces_2', 'consume_1_or_2_with_dataset_expressions', 'dataset_consumes_unknown_never_scheduled', 'dataset_consumes_1_and_2', 'consume_1_and_2_with_dataset_expressions', 'dataset_consumes_1_never_scheduled', 'dataset_produces_1', 'dataset_consumes_1', 'conditional_dataset_and_time_based_timetable', 'consume_1_or_both_2_and_3_with_dataset_expressions' retrieved from /Users/ehabhasan/.venvs/airflow310/lib/python3.10/site-packages/airflow/example_dags/example_datasets.py
[2025-08-19T16:57:04.458+0200] {logging_mixin.py:188} INFO - [2025-08-19T16:57:04.458+0200] {dag.py:3089} INFO - Sync 10 DAGs
[2025-08-19T16:57:04.465+0200] {logging_mixin.py:188} INFO - [2025-08-19T16:57:04.465+0200] {dag.py:3947} INFO - Setting next_dagrun for conditional_dataset_and_time_based_timetable to 2025-08-13 01:00:00+00:00, run_after=2025-08-13 01:00:00+00:00
[2025-08-19T16:57:04.466+0200] {logging_mixin.py:188} INFO - [2025-08-19T16:57:04.466+0200] {dag.py:3947} INFO - Setting next_dagrun for consume_1_and_2_with_dataset_expressions to None, run_after=None
[2025-08-19T16:57:04.466+0200] {logging_mixin.py:188} INFO - [2025-08-19T16:57:04.466+0200] {dag.py:3947} INFO - Setting next_dagrun for consume_1_or_2_with_dataset_expressions to None, run_after=None
[2025-08-19T16:57:04.467+0200] {logging_mixin.py:188} INFO - [2025-08-19T16:57:04.467+0200] {dag.py:3947} INFO - Setting next_dagrun for consume_1_or_both_2_and_3_with_dataset_expressions to None, run_after=None
[2025-08-19T16:57:04.467+0200] {logging_mixin.py:188} INFO - [2025-08-19T16:57:04.467+0200] {dag.py:3947} INFO - Setting next_dagrun for dataset_consumes_1 to None, run_after=None
[2025-08-19T16:57:04.467+0200] {logging_mixin.py:188} INFO - [2025-08-19T16:57:04.467+0200] {dag.py:3947} INFO - Setting next_dagrun for dataset_consumes_1_and_2 to None, run_after=None
[2025-08-19T16:57:04.487+0200] {logging_mixin.py:188} INFO - [2025-08-19T16:57:04.487+0200] {dag.py:3947} INFO - Setting next_dagrun for dataset_consumes_1_never_scheduled to None, run_after=None
[2025-08-19T16:57:04.488+0200] {logging_mixin.py:188} INFO - [2025-08-19T16:57:04.487+0200] {dag.py:3947} INFO - Setting next_dagrun for dataset_consumes_unknown_never_scheduled to None, run_after=None
[2025-08-19T16:57:04.488+0200] {logging_mixin.py:188} INFO - [2025-08-19T16:57:04.488+0200] {dag.py:3947} INFO - Setting next_dagrun for dataset_produces_1 to 2025-08-18 00:00:00+00:00, run_after=2025-08-19 00:00:00+00:00
[2025-08-19T16:57:04.489+0200] {logging_mixin.py:188} INFO - [2025-08-19T16:57:04.489+0200] {dag.py:3947} INFO - Setting next_dagrun for dataset_produces_2 to None, run_after=None
[2025-08-19T16:57:04.499+0200] {processor.py:183} INFO - Processing /Users/ehabhasan/.venvs/airflow310/lib/python3.10/site-packages/airflow/example_dags/example_datasets.py took 0.123 seconds
[2025-08-19T16:58:41.911+0200] {processor.py:161} INFO - Started process (PID=8132) to work on /Users/ehabhasan/.venvs/airflow310/lib/python3.10/site-packages/airflow/example_dags/example_datasets.py
[2025-08-19T16:58:41.912+0200] {processor.py:830} INFO - Processing file /Users/ehabhasan/.venvs/airflow310/lib/python3.10/site-packages/airflow/example_dags/example_datasets.py for tasks to queue
[2025-08-19T16:58:41.912+0200] {logging_mixin.py:188} INFO - [2025-08-19T16:58:41.912+0200] {dagbag.py:545} INFO - Filling up the DagBag from /Users/ehabhasan/.venvs/airflow310/lib/python3.10/site-packages/airflow/example_dags/example_datasets.py
[2025-08-19T16:58:41.939+0200] {processor.py:840} INFO - DAG(s) 'dataset_consumes_1_never_scheduled', 'dataset_consumes_1_and_2', 'consume_1_and_2_with_dataset_expressions', 'consume_1_or_both_2_and_3_with_dataset_expressions', 'dataset_produces_2', 'dataset_consumes_1', 'dataset_consumes_unknown_never_scheduled', 'conditional_dataset_and_time_based_timetable', 'consume_1_or_2_with_dataset_expressions', 'dataset_produces_1' retrieved from /Users/ehabhasan/.venvs/airflow310/lib/python3.10/site-packages/airflow/example_dags/example_datasets.py
[2025-08-19T16:58:41.981+0200] {logging_mixin.py:188} INFO - [2025-08-19T16:58:41.980+0200] {dag.py:3089} INFO - Sync 10 DAGs
[2025-08-19T16:58:41.987+0200] {logging_mixin.py:188} INFO - [2025-08-19T16:58:41.987+0200] {dag.py:3947} INFO - Setting next_dagrun for conditional_dataset_and_time_based_timetable to 2025-08-13 01:00:00+00:00, run_after=2025-08-13 01:00:00+00:00
[2025-08-19T16:58:41.988+0200] {logging_mixin.py:188} INFO - [2025-08-19T16:58:41.988+0200] {dag.py:3947} INFO - Setting next_dagrun for consume_1_and_2_with_dataset_expressions to None, run_after=None
[2025-08-19T16:58:41.989+0200] {logging_mixin.py:188} INFO - [2025-08-19T16:58:41.988+0200] {dag.py:3947} INFO - Setting next_dagrun for consume_1_or_2_with_dataset_expressions to None, run_after=None
[2025-08-19T16:58:41.989+0200] {logging_mixin.py:188} INFO - [2025-08-19T16:58:41.989+0200] {dag.py:3947} INFO - Setting next_dagrun for consume_1_or_both_2_and_3_with_dataset_expressions to None, run_after=None
[2025-08-19T16:58:41.989+0200] {logging_mixin.py:188} INFO - [2025-08-19T16:58:41.989+0200] {dag.py:3947} INFO - Setting next_dagrun for dataset_consumes_1 to None, run_after=None
[2025-08-19T16:58:42.009+0200] {logging_mixin.py:188} INFO - [2025-08-19T16:58:42.008+0200] {dag.py:3947} INFO - Setting next_dagrun for dataset_consumes_1_and_2 to None, run_after=None
[2025-08-19T16:58:42.009+0200] {logging_mixin.py:188} INFO - [2025-08-19T16:58:42.009+0200] {dag.py:3947} INFO - Setting next_dagrun for dataset_consumes_1_never_scheduled to None, run_after=None
[2025-08-19T16:58:42.009+0200] {logging_mixin.py:188} INFO - [2025-08-19T16:58:42.009+0200] {dag.py:3947} INFO - Setting next_dagrun for dataset_consumes_unknown_never_scheduled to None, run_after=None
[2025-08-19T16:58:42.010+0200] {logging_mixin.py:188} INFO - [2025-08-19T16:58:42.010+0200] {dag.py:3947} INFO - Setting next_dagrun for dataset_produces_1 to 2025-08-18 00:00:00+00:00, run_after=2025-08-19 00:00:00+00:00
[2025-08-19T16:58:42.010+0200] {logging_mixin.py:188} INFO - [2025-08-19T16:58:42.010+0200] {dag.py:3947} INFO - Setting next_dagrun for dataset_produces_2 to None, run_after=None
[2025-08-19T16:58:42.021+0200] {processor.py:183} INFO - Processing /Users/ehabhasan/.venvs/airflow310/lib/python3.10/site-packages/airflow/example_dags/example_datasets.py took 0.111 seconds
[2025-08-19T17:01:01.788+0200] {processor.py:161} INFO - Started process (PID=8251) to work on /Users/ehabhasan/.venvs/airflow310/lib/python3.10/site-packages/airflow/example_dags/example_datasets.py
[2025-08-19T17:01:01.790+0200] {processor.py:830} INFO - Processing file /Users/ehabhasan/.venvs/airflow310/lib/python3.10/site-packages/airflow/example_dags/example_datasets.py for tasks to queue
[2025-08-19T17:01:01.790+0200] {logging_mixin.py:188} INFO - [2025-08-19T17:01:01.790+0200] {dagbag.py:545} INFO - Filling up the DagBag from /Users/ehabhasan/.venvs/airflow310/lib/python3.10/site-packages/airflow/example_dags/example_datasets.py
[2025-08-19T17:01:01.815+0200] {processor.py:840} INFO - DAG(s) 'dataset_produces_2', 'dataset_consumes_1', 'dataset_consumes_1_and_2', 'dataset_consumes_1_never_scheduled', 'conditional_dataset_and_time_based_timetable', 'consume_1_or_both_2_and_3_with_dataset_expressions', 'dataset_consumes_unknown_never_scheduled', 'dataset_produces_1', 'consume_1_and_2_with_dataset_expressions', 'consume_1_or_2_with_dataset_expressions' retrieved from /Users/ehabhasan/.venvs/airflow310/lib/python3.10/site-packages/airflow/example_dags/example_datasets.py
[2025-08-19T17:01:01.858+0200] {logging_mixin.py:188} INFO - [2025-08-19T17:01:01.858+0200] {dag.py:3089} INFO - Sync 10 DAGs
[2025-08-19T17:01:01.865+0200] {logging_mixin.py:188} INFO - [2025-08-19T17:01:01.865+0200] {dag.py:3947} INFO - Setting next_dagrun for conditional_dataset_and_time_based_timetable to 2025-08-13 01:00:00+00:00, run_after=2025-08-13 01:00:00+00:00
[2025-08-19T17:01:01.866+0200] {logging_mixin.py:188} INFO - [2025-08-19T17:01:01.865+0200] {dag.py:3947} INFO - Setting next_dagrun for consume_1_and_2_with_dataset_expressions to None, run_after=None
[2025-08-19T17:01:01.866+0200] {logging_mixin.py:188} INFO - [2025-08-19T17:01:01.866+0200] {dag.py:3947} INFO - Setting next_dagrun for consume_1_or_2_with_dataset_expressions to None, run_after=None
[2025-08-19T17:01:01.866+0200] {logging_mixin.py:188} INFO - [2025-08-19T17:01:01.866+0200] {dag.py:3947} INFO - Setting next_dagrun for consume_1_or_both_2_and_3_with_dataset_expressions to None, run_after=None
[2025-08-19T17:01:01.866+0200] {logging_mixin.py:188} INFO - [2025-08-19T17:01:01.866+0200] {dag.py:3947} INFO - Setting next_dagrun for dataset_consumes_1 to None, run_after=None
[2025-08-19T17:01:01.886+0200] {logging_mixin.py:188} INFO - [2025-08-19T17:01:01.886+0200] {dag.py:3947} INFO - Setting next_dagrun for dataset_consumes_1_and_2 to None, run_after=None
[2025-08-19T17:01:01.887+0200] {logging_mixin.py:188} INFO - [2025-08-19T17:01:01.887+0200] {dag.py:3947} INFO - Setting next_dagrun for dataset_consumes_1_never_scheduled to None, run_after=None
[2025-08-19T17:01:01.887+0200] {logging_mixin.py:188} INFO - [2025-08-19T17:01:01.887+0200] {dag.py:3947} INFO - Setting next_dagrun for dataset_consumes_unknown_never_scheduled to None, run_after=None
[2025-08-19T17:01:01.888+0200] {logging_mixin.py:188} INFO - [2025-08-19T17:01:01.888+0200] {dag.py:3947} INFO - Setting next_dagrun for dataset_produces_1 to 2025-08-18 00:00:00+00:00, run_after=2025-08-19 00:00:00+00:00
[2025-08-19T17:01:01.888+0200] {logging_mixin.py:188} INFO - [2025-08-19T17:01:01.888+0200] {dag.py:3947} INFO - Setting next_dagrun for dataset_produces_2 to None, run_after=None
[2025-08-19T17:01:01.898+0200] {processor.py:183} INFO - Processing /Users/ehabhasan/.venvs/airflow310/lib/python3.10/site-packages/airflow/example_dags/example_datasets.py took 0.112 seconds
[2025-08-19T17:02:46.116+0200] {processor.py:161} INFO - Started process (PID=8338) to work on /Users/ehabhasan/.venvs/airflow310/lib/python3.10/site-packages/airflow/example_dags/example_datasets.py
[2025-08-19T17:02:46.116+0200] {processor.py:830} INFO - Processing file /Users/ehabhasan/.venvs/airflow310/lib/python3.10/site-packages/airflow/example_dags/example_datasets.py for tasks to queue
[2025-08-19T17:02:46.117+0200] {logging_mixin.py:188} INFO - [2025-08-19T17:02:46.117+0200] {dagbag.py:545} INFO - Filling up the DagBag from /Users/ehabhasan/.venvs/airflow310/lib/python3.10/site-packages/airflow/example_dags/example_datasets.py
[2025-08-19T17:02:46.131+0200] {processor.py:840} INFO - DAG(s) 'consume_1_or_2_with_dataset_expressions', 'dataset_consumes_unknown_never_scheduled', 'dataset_consumes_1_and_2', 'dataset_consumes_1_never_scheduled', 'consume_1_and_2_with_dataset_expressions', 'dataset_produces_1', 'dataset_produces_2', 'consume_1_or_both_2_and_3_with_dataset_expressions', 'conditional_dataset_and_time_based_timetable', 'dataset_consumes_1' retrieved from /Users/ehabhasan/.venvs/airflow310/lib/python3.10/site-packages/airflow/example_dags/example_datasets.py
[2025-08-19T17:02:46.174+0200] {logging_mixin.py:188} INFO - [2025-08-19T17:02:46.174+0200] {dag.py:3089} INFO - Sync 10 DAGs
[2025-08-19T17:02:46.181+0200] {logging_mixin.py:188} INFO - [2025-08-19T17:02:46.181+0200] {dag.py:3947} INFO - Setting next_dagrun for conditional_dataset_and_time_based_timetable to 2025-08-13 01:00:00+00:00, run_after=2025-08-13 01:00:00+00:00
[2025-08-19T17:02:46.182+0200] {logging_mixin.py:188} INFO - [2025-08-19T17:02:46.182+0200] {dag.py:3947} INFO - Setting next_dagrun for consume_1_and_2_with_dataset_expressions to None, run_after=None
[2025-08-19T17:02:46.182+0200] {logging_mixin.py:188} INFO - [2025-08-19T17:02:46.182+0200] {dag.py:3947} INFO - Setting next_dagrun for consume_1_or_2_with_dataset_expressions to None, run_after=None
[2025-08-19T17:02:46.183+0200] {logging_mixin.py:188} INFO - [2025-08-19T17:02:46.183+0200] {dag.py:3947} INFO - Setting next_dagrun for consume_1_or_both_2_and_3_with_dataset_expressions to None, run_after=None
[2025-08-19T17:02:46.183+0200] {logging_mixin.py:188} INFO - [2025-08-19T17:02:46.183+0200] {dag.py:3947} INFO - Setting next_dagrun for dataset_consumes_1 to None, run_after=None
[2025-08-19T17:02:46.202+0200] {logging_mixin.py:188} INFO - [2025-08-19T17:02:46.202+0200] {dag.py:3947} INFO - Setting next_dagrun for dataset_consumes_1_and_2 to None, run_after=None
[2025-08-19T17:02:46.203+0200] {logging_mixin.py:188} INFO - [2025-08-19T17:02:46.203+0200] {dag.py:3947} INFO - Setting next_dagrun for dataset_consumes_1_never_scheduled to None, run_after=None
[2025-08-19T17:02:46.203+0200] {logging_mixin.py:188} INFO - [2025-08-19T17:02:46.203+0200] {dag.py:3947} INFO - Setting next_dagrun for dataset_consumes_unknown_never_scheduled to None, run_after=None
[2025-08-19T17:02:46.204+0200] {logging_mixin.py:188} INFO - [2025-08-19T17:02:46.204+0200] {dag.py:3947} INFO - Setting next_dagrun for dataset_produces_1 to 2025-08-18 00:00:00+00:00, run_after=2025-08-19 00:00:00+00:00
[2025-08-19T17:02:46.204+0200] {logging_mixin.py:188} INFO - [2025-08-19T17:02:46.204+0200] {dag.py:3947} INFO - Setting next_dagrun for dataset_produces_2 to None, run_after=None
[2025-08-19T17:02:46.214+0200] {processor.py:183} INFO - Processing /Users/ehabhasan/.venvs/airflow310/lib/python3.10/site-packages/airflow/example_dags/example_datasets.py took 0.100 seconds
[2025-08-19T17:04:20.325+0200] {processor.py:161} INFO - Started process (PID=8933) to work on /Users/ehabhasan/.venvs/airflow310/lib/python3.10/site-packages/airflow/example_dags/example_datasets.py
[2025-08-19T17:04:20.325+0200] {processor.py:830} INFO - Processing file /Users/ehabhasan/.venvs/airflow310/lib/python3.10/site-packages/airflow/example_dags/example_datasets.py for tasks to queue
[2025-08-19T17:04:20.325+0200] {logging_mixin.py:188} INFO - [2025-08-19T17:04:20.325+0200] {dagbag.py:545} INFO - Filling up the DagBag from /Users/ehabhasan/.venvs/airflow310/lib/python3.10/site-packages/airflow/example_dags/example_datasets.py
[2025-08-19T17:04:20.340+0200] {processor.py:840} INFO - DAG(s) 'dataset_consumes_1_never_scheduled', 'consume_1_or_2_with_dataset_expressions', 'dataset_produces_1', 'dataset_consumes_1', 'dataset_produces_2', 'consume_1_and_2_with_dataset_expressions', 'dataset_consumes_1_and_2', 'dataset_consumes_unknown_never_scheduled', 'consume_1_or_both_2_and_3_with_dataset_expressions', 'conditional_dataset_and_time_based_timetable' retrieved from /Users/ehabhasan/.venvs/airflow310/lib/python3.10/site-packages/airflow/example_dags/example_datasets.py
[2025-08-19T17:04:20.382+0200] {logging_mixin.py:188} INFO - [2025-08-19T17:04:20.382+0200] {dag.py:3089} INFO - Sync 10 DAGs
[2025-08-19T17:04:20.389+0200] {logging_mixin.py:188} INFO - [2025-08-19T17:04:20.389+0200] {dag.py:3947} INFO - Setting next_dagrun for conditional_dataset_and_time_based_timetable to 2025-08-13 01:00:00+00:00, run_after=2025-08-13 01:00:00+00:00
[2025-08-19T17:04:20.390+0200] {logging_mixin.py:188} INFO - [2025-08-19T17:04:20.390+0200] {dag.py:3947} INFO - Setting next_dagrun for consume_1_and_2_with_dataset_expressions to None, run_after=None
[2025-08-19T17:04:20.390+0200] {logging_mixin.py:188} INFO - [2025-08-19T17:04:20.390+0200] {dag.py:3947} INFO - Setting next_dagrun for consume_1_or_2_with_dataset_expressions to None, run_after=None
[2025-08-19T17:04:20.391+0200] {logging_mixin.py:188} INFO - [2025-08-19T17:04:20.391+0200] {dag.py:3947} INFO - Setting next_dagrun for consume_1_or_both_2_and_3_with_dataset_expressions to None, run_after=None
[2025-08-19T17:04:20.391+0200] {logging_mixin.py:188} INFO - [2025-08-19T17:04:20.391+0200] {dag.py:3947} INFO - Setting next_dagrun for dataset_consumes_1 to None, run_after=None
[2025-08-19T17:04:20.391+0200] {logging_mixin.py:188} INFO - [2025-08-19T17:04:20.391+0200] {dag.py:3947} INFO - Setting next_dagrun for dataset_consumes_1_and_2 to None, run_after=None
[2025-08-19T17:04:20.391+0200] {logging_mixin.py:188} INFO - [2025-08-19T17:04:20.391+0200] {dag.py:3947} INFO - Setting next_dagrun for dataset_consumes_1_never_scheduled to None, run_after=None
[2025-08-19T17:04:20.411+0200] {logging_mixin.py:188} INFO - [2025-08-19T17:04:20.411+0200] {dag.py:3947} INFO - Setting next_dagrun for dataset_consumes_unknown_never_scheduled to None, run_after=None
[2025-08-19T17:04:20.412+0200] {logging_mixin.py:188} INFO - [2025-08-19T17:04:20.412+0200] {dag.py:3947} INFO - Setting next_dagrun for dataset_produces_1 to 2025-08-18 00:00:00+00:00, run_after=2025-08-19 00:00:00+00:00
[2025-08-19T17:04:20.412+0200] {logging_mixin.py:188} INFO - [2025-08-19T17:04:20.412+0200] {dag.py:3947} INFO - Setting next_dagrun for dataset_produces_2 to None, run_after=None
[2025-08-19T17:04:20.422+0200] {processor.py:183} INFO - Processing /Users/ehabhasan/.venvs/airflow310/lib/python3.10/site-packages/airflow/example_dags/example_datasets.py took 0.099 seconds
[2025-08-19T17:06:06.104+0200] {processor.py:161} INFO - Started process (PID=9422) to work on /Users/ehabhasan/.venvs/airflow310/lib/python3.10/site-packages/airflow/example_dags/example_datasets.py
[2025-08-19T17:06:06.104+0200] {processor.py:830} INFO - Processing file /Users/ehabhasan/.venvs/airflow310/lib/python3.10/site-packages/airflow/example_dags/example_datasets.py for tasks to queue
[2025-08-19T17:06:06.104+0200] {logging_mixin.py:188} INFO - [2025-08-19T17:06:06.104+0200] {dagbag.py:545} INFO - Filling up the DagBag from /Users/ehabhasan/.venvs/airflow310/lib/python3.10/site-packages/airflow/example_dags/example_datasets.py
[2025-08-19T17:06:06.119+0200] {processor.py:840} INFO - DAG(s) 'dataset_consumes_1_never_scheduled', 'dataset_consumes_1', 'dataset_consumes_1_and_2', 'consume_1_or_2_with_dataset_expressions', 'dataset_consumes_unknown_never_scheduled', 'consume_1_and_2_with_dataset_expressions', 'dataset_produces_1', 'consume_1_or_both_2_and_3_with_dataset_expressions', 'dataset_produces_2', 'conditional_dataset_and_time_based_timetable' retrieved from /Users/ehabhasan/.venvs/airflow310/lib/python3.10/site-packages/airflow/example_dags/example_datasets.py
[2025-08-19T17:06:06.162+0200] {logging_mixin.py:188} INFO - [2025-08-19T17:06:06.161+0200] {dag.py:3089} INFO - Sync 10 DAGs
[2025-08-19T17:06:06.168+0200] {logging_mixin.py:188} INFO - [2025-08-19T17:06:06.168+0200] {dag.py:3947} INFO - Setting next_dagrun for conditional_dataset_and_time_based_timetable to 2025-08-13 01:00:00+00:00, run_after=2025-08-13 01:00:00+00:00
[2025-08-19T17:06:06.169+0200] {logging_mixin.py:188} INFO - [2025-08-19T17:06:06.169+0200] {dag.py:3947} INFO - Setting next_dagrun for consume_1_and_2_with_dataset_expressions to None, run_after=None
[2025-08-19T17:06:06.170+0200] {logging_mixin.py:188} INFO - [2025-08-19T17:06:06.170+0200] {dag.py:3947} INFO - Setting next_dagrun for consume_1_or_2_with_dataset_expressions to None, run_after=None
[2025-08-19T17:06:06.170+0200] {logging_mixin.py:188} INFO - [2025-08-19T17:06:06.170+0200] {dag.py:3947} INFO - Setting next_dagrun for consume_1_or_both_2_and_3_with_dataset_expressions to None, run_after=None
[2025-08-19T17:06:06.170+0200] {logging_mixin.py:188} INFO - [2025-08-19T17:06:06.170+0200] {dag.py:3947} INFO - Setting next_dagrun for dataset_consumes_1 to None, run_after=None
[2025-08-19T17:06:06.171+0200] {logging_mixin.py:188} INFO - [2025-08-19T17:06:06.171+0200] {dag.py:3947} INFO - Setting next_dagrun for dataset_consumes_1_and_2 to None, run_after=None
[2025-08-19T17:06:06.171+0200] {logging_mixin.py:188} INFO - [2025-08-19T17:06:06.171+0200] {dag.py:3947} INFO - Setting next_dagrun for dataset_consumes_1_never_scheduled to None, run_after=None
[2025-08-19T17:06:06.190+0200] {logging_mixin.py:188} INFO - [2025-08-19T17:06:06.190+0200] {dag.py:3947} INFO - Setting next_dagrun for dataset_consumes_unknown_never_scheduled to None, run_after=None
[2025-08-19T17:06:06.191+0200] {logging_mixin.py:188} INFO - [2025-08-19T17:06:06.191+0200] {dag.py:3947} INFO - Setting next_dagrun for dataset_produces_1 to 2025-08-18 00:00:00+00:00, run_after=2025-08-19 00:00:00+00:00
[2025-08-19T17:06:06.192+0200] {logging_mixin.py:188} INFO - [2025-08-19T17:06:06.191+0200] {dag.py:3947} INFO - Setting next_dagrun for dataset_produces_2 to None, run_after=None
[2025-08-19T17:06:06.201+0200] {processor.py:183} INFO - Processing /Users/ehabhasan/.venvs/airflow310/lib/python3.10/site-packages/airflow/example_dags/example_datasets.py took 0.100 seconds
[2025-08-19T17:07:54.486+0200] {processor.py:161} INFO - Started process (PID=10122) to work on /Users/ehabhasan/.venvs/airflow310/lib/python3.10/site-packages/airflow/example_dags/example_datasets.py
[2025-08-19T17:07:54.486+0200] {processor.py:830} INFO - Processing file /Users/ehabhasan/.venvs/airflow310/lib/python3.10/site-packages/airflow/example_dags/example_datasets.py for tasks to queue
[2025-08-19T17:07:54.487+0200] {logging_mixin.py:188} INFO - [2025-08-19T17:07:54.486+0200] {dagbag.py:545} INFO - Filling up the DagBag from /Users/ehabhasan/.venvs/airflow310/lib/python3.10/site-packages/airflow/example_dags/example_datasets.py
[2025-08-19T17:07:54.501+0200] {processor.py:840} INFO - DAG(s) 'dataset_produces_1', 'dataset_consumes_unknown_never_scheduled', 'consume_1_or_both_2_and_3_with_dataset_expressions', 'dataset_consumes_1_never_scheduled', 'consume_1_and_2_with_dataset_expressions', 'dataset_consumes_1_and_2', 'dataset_consumes_1', 'dataset_produces_2', 'consume_1_or_2_with_dataset_expressions', 'conditional_dataset_and_time_based_timetable' retrieved from /Users/ehabhasan/.venvs/airflow310/lib/python3.10/site-packages/airflow/example_dags/example_datasets.py
[2025-08-19T17:07:54.545+0200] {logging_mixin.py:188} INFO - [2025-08-19T17:07:54.545+0200] {dag.py:3089} INFO - Sync 10 DAGs
[2025-08-19T17:07:54.552+0200] {logging_mixin.py:188} INFO - [2025-08-19T17:07:54.552+0200] {dag.py:3947} INFO - Setting next_dagrun for conditional_dataset_and_time_based_timetable to 2025-08-13 01:00:00+00:00, run_after=2025-08-13 01:00:00+00:00
[2025-08-19T17:07:54.553+0200] {logging_mixin.py:188} INFO - [2025-08-19T17:07:54.553+0200] {dag.py:3947} INFO - Setting next_dagrun for consume_1_and_2_with_dataset_expressions to None, run_after=None
[2025-08-19T17:07:54.553+0200] {logging_mixin.py:188} INFO - [2025-08-19T17:07:54.553+0200] {dag.py:3947} INFO - Setting next_dagrun for consume_1_or_2_with_dataset_expressions to None, run_after=None
[2025-08-19T17:07:54.554+0200] {logging_mixin.py:188} INFO - [2025-08-19T17:07:54.554+0200] {dag.py:3947} INFO - Setting next_dagrun for consume_1_or_both_2_and_3_with_dataset_expressions to None, run_after=None
[2025-08-19T17:07:54.554+0200] {logging_mixin.py:188} INFO - [2025-08-19T17:07:54.554+0200] {dag.py:3947} INFO - Setting next_dagrun for dataset_consumes_1 to None, run_after=None
[2025-08-19T17:07:54.554+0200] {logging_mixin.py:188} INFO - [2025-08-19T17:07:54.554+0200] {dag.py:3947} INFO - Setting next_dagrun for dataset_consumes_1_and_2 to None, run_after=None
[2025-08-19T17:07:54.555+0200] {logging_mixin.py:188} INFO - [2025-08-19T17:07:54.555+0200] {dag.py:3947} INFO - Setting next_dagrun for dataset_consumes_1_never_scheduled to None, run_after=None
[2025-08-19T17:07:54.574+0200] {logging_mixin.py:188} INFO - [2025-08-19T17:07:54.574+0200] {dag.py:3947} INFO - Setting next_dagrun for dataset_consumes_unknown_never_scheduled to None, run_after=None
[2025-08-19T17:07:54.575+0200] {logging_mixin.py:188} INFO - [2025-08-19T17:07:54.575+0200] {dag.py:3947} INFO - Setting next_dagrun for dataset_produces_1 to 2025-08-18 00:00:00+00:00, run_after=2025-08-19 00:00:00+00:00
[2025-08-19T17:07:54.575+0200] {logging_mixin.py:188} INFO - [2025-08-19T17:07:54.575+0200] {dag.py:3947} INFO - Setting next_dagrun for dataset_produces_2 to None, run_after=None
[2025-08-19T17:07:54.585+0200] {processor.py:183} INFO - Processing /Users/ehabhasan/.venvs/airflow310/lib/python3.10/site-packages/airflow/example_dags/example_datasets.py took 0.101 seconds
[2025-08-19T17:09:43.733+0200] {processor.py:161} INFO - Started process (PID=10232) to work on /Users/ehabhasan/.venvs/airflow310/lib/python3.10/site-packages/airflow/example_dags/example_datasets.py
[2025-08-19T17:09:43.733+0200] {processor.py:830} INFO - Processing file /Users/ehabhasan/.venvs/airflow310/lib/python3.10/site-packages/airflow/example_dags/example_datasets.py for tasks to queue
[2025-08-19T17:09:43.734+0200] {logging_mixin.py:188} INFO - [2025-08-19T17:09:43.734+0200] {dagbag.py:545} INFO - Filling up the DagBag from /Users/ehabhasan/.venvs/airflow310/lib/python3.10/site-packages/airflow/example_dags/example_datasets.py
[2025-08-19T17:09:43.749+0200] {processor.py:840} INFO - DAG(s) 'conditional_dataset_and_time_based_timetable', 'dataset_produces_2', 'consume_1_and_2_with_dataset_expressions', 'consume_1_or_2_with_dataset_expressions', 'dataset_consumes_unknown_never_scheduled', 'consume_1_or_both_2_and_3_with_dataset_expressions', 'dataset_consumes_1_never_scheduled', 'dataset_consumes_1_and_2', 'dataset_produces_1', 'dataset_consumes_1' retrieved from /Users/ehabhasan/.venvs/airflow310/lib/python3.10/site-packages/airflow/example_dags/example_datasets.py
[2025-08-19T17:09:43.795+0200] {logging_mixin.py:188} INFO - [2025-08-19T17:09:43.795+0200] {dag.py:3089} INFO - Sync 10 DAGs
[2025-08-19T17:09:43.802+0200] {logging_mixin.py:188} INFO - [2025-08-19T17:09:43.802+0200] {dag.py:3947} INFO - Setting next_dagrun for conditional_dataset_and_time_based_timetable to 2025-08-13 01:00:00+00:00, run_after=2025-08-13 01:00:00+00:00
[2025-08-19T17:09:43.803+0200] {logging_mixin.py:188} INFO - [2025-08-19T17:09:43.803+0200] {dag.py:3947} INFO - Setting next_dagrun for consume_1_and_2_with_dataset_expressions to None, run_after=None
[2025-08-19T17:09:43.803+0200] {logging_mixin.py:188} INFO - [2025-08-19T17:09:43.803+0200] {dag.py:3947} INFO - Setting next_dagrun for consume_1_or_2_with_dataset_expressions to None, run_after=None
[2025-08-19T17:09:43.803+0200] {logging_mixin.py:188} INFO - [2025-08-19T17:09:43.803+0200] {dag.py:3947} INFO - Setting next_dagrun for consume_1_or_both_2_and_3_with_dataset_expressions to None, run_after=None
[2025-08-19T17:09:43.804+0200] {logging_mixin.py:188} INFO - [2025-08-19T17:09:43.804+0200] {dag.py:3947} INFO - Setting next_dagrun for dataset_consumes_1 to None, run_after=None
[2025-08-19T17:09:43.804+0200] {logging_mixin.py:188} INFO - [2025-08-19T17:09:43.804+0200] {dag.py:3947} INFO - Setting next_dagrun for dataset_consumes_1_and_2 to None, run_after=None
[2025-08-19T17:09:43.804+0200] {logging_mixin.py:188} INFO - [2025-08-19T17:09:43.804+0200] {dag.py:3947} INFO - Setting next_dagrun for dataset_consumes_1_never_scheduled to None, run_after=None
[2025-08-19T17:09:43.824+0200] {logging_mixin.py:188} INFO - [2025-08-19T17:09:43.824+0200] {dag.py:3947} INFO - Setting next_dagrun for dataset_consumes_unknown_never_scheduled to None, run_after=None
[2025-08-19T17:09:43.825+0200] {logging_mixin.py:188} INFO - [2025-08-19T17:09:43.825+0200] {dag.py:3947} INFO - Setting next_dagrun for dataset_produces_1 to 2025-08-18 00:00:00+00:00, run_after=2025-08-19 00:00:00+00:00
[2025-08-19T17:09:43.825+0200] {logging_mixin.py:188} INFO - [2025-08-19T17:09:43.825+0200] {dag.py:3947} INFO - Setting next_dagrun for dataset_produces_2 to None, run_after=None
[2025-08-19T17:09:43.835+0200] {processor.py:183} INFO - Processing /Users/ehabhasan/.venvs/airflow310/lib/python3.10/site-packages/airflow/example_dags/example_datasets.py took 0.104 seconds
[2025-08-19T17:11:27.000+0200] {processor.py:161} INFO - Started process (PID=10318) to work on /Users/ehabhasan/.venvs/airflow310/lib/python3.10/site-packages/airflow/example_dags/example_datasets.py
[2025-08-19T17:11:27.000+0200] {processor.py:830} INFO - Processing file /Users/ehabhasan/.venvs/airflow310/lib/python3.10/site-packages/airflow/example_dags/example_datasets.py for tasks to queue
[2025-08-19T17:11:27.000+0200] {logging_mixin.py:188} INFO - [2025-08-19T17:11:27.000+0200] {dagbag.py:545} INFO - Filling up the DagBag from /Users/ehabhasan/.venvs/airflow310/lib/python3.10/site-packages/airflow/example_dags/example_datasets.py
[2025-08-19T17:11:27.014+0200] {processor.py:840} INFO - DAG(s) 'consume_1_or_2_with_dataset_expressions', 'dataset_produces_2', 'dataset_consumes_1', 'dataset_consumes_unknown_never_scheduled', 'consume_1_or_both_2_and_3_with_dataset_expressions', 'dataset_produces_1', 'dataset_consumes_1_never_scheduled', 'conditional_dataset_and_time_based_timetable', 'consume_1_and_2_with_dataset_expressions', 'dataset_consumes_1_and_2' retrieved from /Users/ehabhasan/.venvs/airflow310/lib/python3.10/site-packages/airflow/example_dags/example_datasets.py
[2025-08-19T17:11:27.057+0200] {logging_mixin.py:188} INFO - [2025-08-19T17:11:27.057+0200] {dag.py:3089} INFO - Sync 10 DAGs
[2025-08-19T17:11:27.064+0200] {logging_mixin.py:188} INFO - [2025-08-19T17:11:27.064+0200] {dag.py:3947} INFO - Setting next_dagrun for conditional_dataset_and_time_based_timetable to 2025-08-13 01:00:00+00:00, run_after=2025-08-13 01:00:00+00:00
[2025-08-19T17:11:27.065+0200] {logging_mixin.py:188} INFO - [2025-08-19T17:11:27.065+0200] {dag.py:3947} INFO - Setting next_dagrun for consume_1_and_2_with_dataset_expressions to None, run_after=None
[2025-08-19T17:11:27.066+0200] {logging_mixin.py:188} INFO - [2025-08-19T17:11:27.066+0200] {dag.py:3947} INFO - Setting next_dagrun for consume_1_or_2_with_dataset_expressions to None, run_after=None
[2025-08-19T17:11:27.066+0200] {logging_mixin.py:188} INFO - [2025-08-19T17:11:27.066+0200] {dag.py:3947} INFO - Setting next_dagrun for consume_1_or_both_2_and_3_with_dataset_expressions to None, run_after=None
[2025-08-19T17:11:27.066+0200] {logging_mixin.py:188} INFO - [2025-08-19T17:11:27.066+0200] {dag.py:3947} INFO - Setting next_dagrun for dataset_consumes_1 to None, run_after=None
[2025-08-19T17:11:27.067+0200] {logging_mixin.py:188} INFO - [2025-08-19T17:11:27.066+0200] {dag.py:3947} INFO - Setting next_dagrun for dataset_consumes_1_and_2 to None, run_after=None
[2025-08-19T17:11:27.067+0200] {logging_mixin.py:188} INFO - [2025-08-19T17:11:27.067+0200] {dag.py:3947} INFO - Setting next_dagrun for dataset_consumes_1_never_scheduled to None, run_after=None
[2025-08-19T17:11:27.087+0200] {logging_mixin.py:188} INFO - [2025-08-19T17:11:27.087+0200] {dag.py:3947} INFO - Setting next_dagrun for dataset_consumes_unknown_never_scheduled to None, run_after=None
[2025-08-19T17:11:27.088+0200] {logging_mixin.py:188} INFO - [2025-08-19T17:11:27.087+0200] {dag.py:3947} INFO - Setting next_dagrun for dataset_produces_1 to 2025-08-18 00:00:00+00:00, run_after=2025-08-19 00:00:00+00:00
[2025-08-19T17:11:27.088+0200] {logging_mixin.py:188} INFO - [2025-08-19T17:11:27.088+0200] {dag.py:3947} INFO - Setting next_dagrun for dataset_produces_2 to None, run_after=None
[2025-08-19T17:11:27.098+0200] {processor.py:183} INFO - Processing /Users/ehabhasan/.venvs/airflow310/lib/python3.10/site-packages/airflow/example_dags/example_datasets.py took 0.100 seconds
[2025-08-19T17:13:20.739+0200] {processor.py:161} INFO - Started process (PID=10413) to work on /Users/ehabhasan/.venvs/airflow310/lib/python3.10/site-packages/airflow/example_dags/example_datasets.py
[2025-08-19T17:13:20.739+0200] {processor.py:830} INFO - Processing file /Users/ehabhasan/.venvs/airflow310/lib/python3.10/site-packages/airflow/example_dags/example_datasets.py for tasks to queue
[2025-08-19T17:13:20.740+0200] {logging_mixin.py:188} INFO - [2025-08-19T17:13:20.740+0200] {dagbag.py:545} INFO - Filling up the DagBag from /Users/ehabhasan/.venvs/airflow310/lib/python3.10/site-packages/airflow/example_dags/example_datasets.py
[2025-08-19T17:13:20.755+0200] {processor.py:840} INFO - DAG(s) 'dataset_consumes_1', 'dataset_consumes_unknown_never_scheduled', 'consume_1_or_2_with_dataset_expressions', 'dataset_consumes_1_and_2', 'dataset_produces_2', 'conditional_dataset_and_time_based_timetable', 'consume_1_or_both_2_and_3_with_dataset_expressions', 'dataset_consumes_1_never_scheduled', 'consume_1_and_2_with_dataset_expressions', 'dataset_produces_1' retrieved from /Users/ehabhasan/.venvs/airflow310/lib/python3.10/site-packages/airflow/example_dags/example_datasets.py
[2025-08-19T17:13:20.798+0200] {logging_mixin.py:188} INFO - [2025-08-19T17:13:20.798+0200] {dag.py:3089} INFO - Sync 10 DAGs
[2025-08-19T17:13:20.806+0200] {logging_mixin.py:188} INFO - [2025-08-19T17:13:20.806+0200] {dag.py:3947} INFO - Setting next_dagrun for conditional_dataset_and_time_based_timetable to 2025-08-13 01:00:00+00:00, run_after=2025-08-13 01:00:00+00:00
[2025-08-19T17:13:20.807+0200] {logging_mixin.py:188} INFO - [2025-08-19T17:13:20.807+0200] {dag.py:3947} INFO - Setting next_dagrun for consume_1_and_2_with_dataset_expressions to None, run_after=None
[2025-08-19T17:13:20.807+0200] {logging_mixin.py:188} INFO - [2025-08-19T17:13:20.807+0200] {dag.py:3947} INFO - Setting next_dagrun for consume_1_or_2_with_dataset_expressions to None, run_after=None
[2025-08-19T17:13:20.807+0200] {logging_mixin.py:188} INFO - [2025-08-19T17:13:20.807+0200] {dag.py:3947} INFO - Setting next_dagrun for consume_1_or_both_2_and_3_with_dataset_expressions to None, run_after=None
[2025-08-19T17:13:20.808+0200] {logging_mixin.py:188} INFO - [2025-08-19T17:13:20.807+0200] {dag.py:3947} INFO - Setting next_dagrun for dataset_consumes_1 to None, run_after=None
[2025-08-19T17:13:20.808+0200] {logging_mixin.py:188} INFO - [2025-08-19T17:13:20.808+0200] {dag.py:3947} INFO - Setting next_dagrun for dataset_consumes_1_and_2 to None, run_after=None
[2025-08-19T17:13:20.808+0200] {logging_mixin.py:188} INFO - [2025-08-19T17:13:20.808+0200] {dag.py:3947} INFO - Setting next_dagrun for dataset_consumes_1_never_scheduled to None, run_after=None
[2025-08-19T17:13:20.829+0200] {logging_mixin.py:188} INFO - [2025-08-19T17:13:20.829+0200] {dag.py:3947} INFO - Setting next_dagrun for dataset_consumes_unknown_never_scheduled to None, run_after=None
[2025-08-19T17:13:20.830+0200] {logging_mixin.py:188} INFO - [2025-08-19T17:13:20.830+0200] {dag.py:3947} INFO - Setting next_dagrun for dataset_produces_1 to 2025-08-18 00:00:00+00:00, run_after=2025-08-19 00:00:00+00:00
[2025-08-19T17:13:20.831+0200] {logging_mixin.py:188} INFO - [2025-08-19T17:13:20.831+0200] {dag.py:3947} INFO - Setting next_dagrun for dataset_produces_2 to None, run_after=None
[2025-08-19T17:13:20.841+0200] {processor.py:183} INFO - Processing /Users/ehabhasan/.venvs/airflow310/lib/python3.10/site-packages/airflow/example_dags/example_datasets.py took 0.103 seconds
[2025-08-19T17:15:12.683+0200] {processor.py:161} INFO - Started process (PID=10766) to work on /Users/ehabhasan/.venvs/airflow310/lib/python3.10/site-packages/airflow/example_dags/example_datasets.py
[2025-08-19T17:15:12.684+0200] {processor.py:830} INFO - Processing file /Users/ehabhasan/.venvs/airflow310/lib/python3.10/site-packages/airflow/example_dags/example_datasets.py for tasks to queue
[2025-08-19T17:15:12.684+0200] {logging_mixin.py:188} INFO - [2025-08-19T17:15:12.684+0200] {dagbag.py:545} INFO - Filling up the DagBag from /Users/ehabhasan/.venvs/airflow310/lib/python3.10/site-packages/airflow/example_dags/example_datasets.py
[2025-08-19T17:15:12.698+0200] {processor.py:840} INFO - DAG(s) 'dataset_consumes_1_and_2', 'conditional_dataset_and_time_based_timetable', 'dataset_consumes_unknown_never_scheduled', 'dataset_produces_1', 'dataset_consumes_1_never_scheduled', 'dataset_consumes_1', 'consume_1_or_both_2_and_3_with_dataset_expressions', 'consume_1_and_2_with_dataset_expressions', 'dataset_produces_2', 'consume_1_or_2_with_dataset_expressions' retrieved from /Users/ehabhasan/.venvs/airflow310/lib/python3.10/site-packages/airflow/example_dags/example_datasets.py
[2025-08-19T17:15:12.742+0200] {logging_mixin.py:188} INFO - [2025-08-19T17:15:12.742+0200] {dag.py:3089} INFO - Sync 10 DAGs
[2025-08-19T17:15:12.749+0200] {logging_mixin.py:188} INFO - [2025-08-19T17:15:12.749+0200] {dag.py:3947} INFO - Setting next_dagrun for conditional_dataset_and_time_based_timetable to 2025-08-13 01:00:00+00:00, run_after=2025-08-13 01:00:00+00:00
[2025-08-19T17:15:12.750+0200] {logging_mixin.py:188} INFO - [2025-08-19T17:15:12.750+0200] {dag.py:3947} INFO - Setting next_dagrun for consume_1_and_2_with_dataset_expressions to None, run_after=None
[2025-08-19T17:15:12.750+0200] {logging_mixin.py:188} INFO - [2025-08-19T17:15:12.750+0200] {dag.py:3947} INFO - Setting next_dagrun for consume_1_or_2_with_dataset_expressions to None, run_after=None
[2025-08-19T17:15:12.750+0200] {logging_mixin.py:188} INFO - [2025-08-19T17:15:12.750+0200] {dag.py:3947} INFO - Setting next_dagrun for consume_1_or_both_2_and_3_with_dataset_expressions to None, run_after=None
[2025-08-19T17:15:12.751+0200] {logging_mixin.py:188} INFO - [2025-08-19T17:15:12.750+0200] {dag.py:3947} INFO - Setting next_dagrun for dataset_consumes_1 to None, run_after=None
[2025-08-19T17:15:12.751+0200] {logging_mixin.py:188} INFO - [2025-08-19T17:15:12.751+0200] {dag.py:3947} INFO - Setting next_dagrun for dataset_consumes_1_and_2 to None, run_after=None
[2025-08-19T17:15:12.751+0200] {logging_mixin.py:188} INFO - [2025-08-19T17:15:12.751+0200] {dag.py:3947} INFO - Setting next_dagrun for dataset_consumes_1_never_scheduled to None, run_after=None
[2025-08-19T17:15:12.771+0200] {logging_mixin.py:188} INFO - [2025-08-19T17:15:12.771+0200] {dag.py:3947} INFO - Setting next_dagrun for dataset_consumes_unknown_never_scheduled to None, run_after=None
[2025-08-19T17:15:12.772+0200] {logging_mixin.py:188} INFO - [2025-08-19T17:15:12.772+0200] {dag.py:3947} INFO - Setting next_dagrun for dataset_produces_1 to 2025-08-18 00:00:00+00:00, run_after=2025-08-19 00:00:00+00:00
[2025-08-19T17:15:12.772+0200] {logging_mixin.py:188} INFO - [2025-08-19T17:15:12.772+0200] {dag.py:3947} INFO - Setting next_dagrun for dataset_produces_2 to None, run_after=None
[2025-08-19T17:15:12.782+0200] {processor.py:183} INFO - Processing /Users/ehabhasan/.venvs/airflow310/lib/python3.10/site-packages/airflow/example_dags/example_datasets.py took 0.100 seconds
[2025-08-19T17:17:05.756+0200] {processor.py:161} INFO - Started process (PID=11421) to work on /Users/ehabhasan/.venvs/airflow310/lib/python3.10/site-packages/airflow/example_dags/example_datasets.py
[2025-08-19T17:17:05.756+0200] {processor.py:830} INFO - Processing file /Users/ehabhasan/.venvs/airflow310/lib/python3.10/site-packages/airflow/example_dags/example_datasets.py for tasks to queue
[2025-08-19T17:17:05.757+0200] {logging_mixin.py:188} INFO - [2025-08-19T17:17:05.757+0200] {dagbag.py:545} INFO - Filling up the DagBag from /Users/ehabhasan/.venvs/airflow310/lib/python3.10/site-packages/airflow/example_dags/example_datasets.py
[2025-08-19T17:17:05.772+0200] {processor.py:840} INFO - DAG(s) 'consume_1_and_2_with_dataset_expressions', 'dataset_consumes_1', 'conditional_dataset_and_time_based_timetable', 'consume_1_or_2_with_dataset_expressions', 'dataset_consumes_1_never_scheduled', 'dataset_produces_2', 'consume_1_or_both_2_and_3_with_dataset_expressions', 'dataset_produces_1', 'dataset_consumes_unknown_never_scheduled', 'dataset_consumes_1_and_2' retrieved from /Users/ehabhasan/.venvs/airflow310/lib/python3.10/site-packages/airflow/example_dags/example_datasets.py
[2025-08-19T17:17:05.816+0200] {logging_mixin.py:188} INFO - [2025-08-19T17:17:05.816+0200] {dag.py:3089} INFO - Sync 10 DAGs
[2025-08-19T17:17:05.823+0200] {logging_mixin.py:188} INFO - [2025-08-19T17:17:05.823+0200] {dag.py:3947} INFO - Setting next_dagrun for conditional_dataset_and_time_based_timetable to 2025-08-13 01:00:00+00:00, run_after=2025-08-13 01:00:00+00:00
[2025-08-19T17:17:05.824+0200] {logging_mixin.py:188} INFO - [2025-08-19T17:17:05.824+0200] {dag.py:3947} INFO - Setting next_dagrun for consume_1_and_2_with_dataset_expressions to None, run_after=None
[2025-08-19T17:17:05.824+0200] {logging_mixin.py:188} INFO - [2025-08-19T17:17:05.824+0200] {dag.py:3947} INFO - Setting next_dagrun for consume_1_or_2_with_dataset_expressions to None, run_after=None
[2025-08-19T17:17:05.824+0200] {logging_mixin.py:188} INFO - [2025-08-19T17:17:05.824+0200] {dag.py:3947} INFO - Setting next_dagrun for consume_1_or_both_2_and_3_with_dataset_expressions to None, run_after=None
[2025-08-19T17:17:05.825+0200] {logging_mixin.py:188} INFO - [2025-08-19T17:17:05.825+0200] {dag.py:3947} INFO - Setting next_dagrun for dataset_consumes_1 to None, run_after=None
[2025-08-19T17:17:05.825+0200] {logging_mixin.py:188} INFO - [2025-08-19T17:17:05.825+0200] {dag.py:3947} INFO - Setting next_dagrun for dataset_consumes_1_and_2 to None, run_after=None
[2025-08-19T17:17:05.825+0200] {logging_mixin.py:188} INFO - [2025-08-19T17:17:05.825+0200] {dag.py:3947} INFO - Setting next_dagrun for dataset_consumes_1_never_scheduled to None, run_after=None
[2025-08-19T17:17:05.846+0200] {logging_mixin.py:188} INFO - [2025-08-19T17:17:05.846+0200] {dag.py:3947} INFO - Setting next_dagrun for dataset_consumes_unknown_never_scheduled to None, run_after=None
[2025-08-19T17:17:05.847+0200] {logging_mixin.py:188} INFO - [2025-08-19T17:17:05.847+0200] {dag.py:3947} INFO - Setting next_dagrun for dataset_produces_1 to 2025-08-18 00:00:00+00:00, run_after=2025-08-19 00:00:00+00:00
[2025-08-19T17:17:05.847+0200] {logging_mixin.py:188} INFO - [2025-08-19T17:17:05.847+0200] {dag.py:3947} INFO - Setting next_dagrun for dataset_produces_2 to None, run_after=None
[2025-08-19T17:17:05.857+0200] {processor.py:183} INFO - Processing /Users/ehabhasan/.venvs/airflow310/lib/python3.10/site-packages/airflow/example_dags/example_datasets.py took 0.103 seconds
[2025-08-19T17:18:52.794+0200] {processor.py:161} INFO - Started process (PID=11514) to work on /Users/ehabhasan/.venvs/airflow310/lib/python3.10/site-packages/airflow/example_dags/example_datasets.py
[2025-08-19T17:18:52.795+0200] {processor.py:830} INFO - Processing file /Users/ehabhasan/.venvs/airflow310/lib/python3.10/site-packages/airflow/example_dags/example_datasets.py for tasks to queue
[2025-08-19T17:18:52.795+0200] {logging_mixin.py:188} INFO - [2025-08-19T17:18:52.795+0200] {dagbag.py:545} INFO - Filling up the DagBag from /Users/ehabhasan/.venvs/airflow310/lib/python3.10/site-packages/airflow/example_dags/example_datasets.py
[2025-08-19T17:18:52.821+0200] {processor.py:840} INFO - DAG(s) 'dataset_consumes_1', 'conditional_dataset_and_time_based_timetable', 'dataset_consumes_1_and_2', 'dataset_consumes_unknown_never_scheduled', 'consume_1_and_2_with_dataset_expressions', 'consume_1_or_2_with_dataset_expressions', 'dataset_consumes_1_never_scheduled', 'consume_1_or_both_2_and_3_with_dataset_expressions', 'dataset_produces_1', 'dataset_produces_2' retrieved from /Users/ehabhasan/.venvs/airflow310/lib/python3.10/site-packages/airflow/example_dags/example_datasets.py
[2025-08-19T17:18:52.867+0200] {logging_mixin.py:188} INFO - [2025-08-19T17:18:52.867+0200] {dag.py:3089} INFO - Sync 10 DAGs
[2025-08-19T17:18:52.876+0200] {logging_mixin.py:188} INFO - [2025-08-19T17:18:52.875+0200] {dag.py:3947} INFO - Setting next_dagrun for conditional_dataset_and_time_based_timetable to 2025-08-13 01:00:00+00:00, run_after=2025-08-13 01:00:00+00:00
[2025-08-19T17:18:52.877+0200] {logging_mixin.py:188} INFO - [2025-08-19T17:18:52.877+0200] {dag.py:3947} INFO - Setting next_dagrun for consume_1_and_2_with_dataset_expressions to None, run_after=None
[2025-08-19T17:18:52.877+0200] {logging_mixin.py:188} INFO - [2025-08-19T17:18:52.877+0200] {dag.py:3947} INFO - Setting next_dagrun for consume_1_or_2_with_dataset_expressions to None, run_after=None
[2025-08-19T17:18:52.878+0200] {logging_mixin.py:188} INFO - [2025-08-19T17:18:52.878+0200] {dag.py:3947} INFO - Setting next_dagrun for consume_1_or_both_2_and_3_with_dataset_expressions to None, run_after=None
[2025-08-19T17:18:52.878+0200] {logging_mixin.py:188} INFO - [2025-08-19T17:18:52.878+0200] {dag.py:3947} INFO - Setting next_dagrun for dataset_consumes_1 to None, run_after=None
[2025-08-19T17:18:52.878+0200] {logging_mixin.py:188} INFO - [2025-08-19T17:18:52.878+0200] {dag.py:3947} INFO - Setting next_dagrun for dataset_consumes_1_and_2 to None, run_after=None
[2025-08-19T17:18:52.904+0200] {logging_mixin.py:188} INFO - [2025-08-19T17:18:52.904+0200] {dag.py:3947} INFO - Setting next_dagrun for dataset_consumes_1_never_scheduled to None, run_after=None
[2025-08-19T17:18:52.904+0200] {logging_mixin.py:188} INFO - [2025-08-19T17:18:52.904+0200] {dag.py:3947} INFO - Setting next_dagrun for dataset_consumes_unknown_never_scheduled to None, run_after=None
[2025-08-19T17:18:52.905+0200] {logging_mixin.py:188} INFO - [2025-08-19T17:18:52.905+0200] {dag.py:3947} INFO - Setting next_dagrun for dataset_produces_1 to 2025-08-18 00:00:00+00:00, run_after=2025-08-19 00:00:00+00:00
[2025-08-19T17:18:52.905+0200] {logging_mixin.py:188} INFO - [2025-08-19T17:18:52.905+0200] {dag.py:3947} INFO - Setting next_dagrun for dataset_produces_2 to None, run_after=None
[2025-08-19T17:18:52.916+0200] {processor.py:183} INFO - Processing /Users/ehabhasan/.venvs/airflow310/lib/python3.10/site-packages/airflow/example_dags/example_datasets.py took 0.124 seconds
[2025-08-19T17:20:36.663+0200] {processor.py:161} INFO - Started process (PID=11614) to work on /Users/ehabhasan/.venvs/airflow310/lib/python3.10/site-packages/airflow/example_dags/example_datasets.py
[2025-08-19T17:20:36.663+0200] {processor.py:830} INFO - Processing file /Users/ehabhasan/.venvs/airflow310/lib/python3.10/site-packages/airflow/example_dags/example_datasets.py for tasks to queue
[2025-08-19T17:20:36.663+0200] {logging_mixin.py:188} INFO - [2025-08-19T17:20:36.663+0200] {dagbag.py:545} INFO - Filling up the DagBag from /Users/ehabhasan/.venvs/airflow310/lib/python3.10/site-packages/airflow/example_dags/example_datasets.py
[2025-08-19T17:20:36.677+0200] {processor.py:840} INFO - DAG(s) 'consume_1_or_both_2_and_3_with_dataset_expressions', 'dataset_consumes_unknown_never_scheduled', 'dataset_consumes_1_and_2', 'dataset_consumes_1_never_scheduled', 'consume_1_and_2_with_dataset_expressions', 'dataset_consumes_1', 'consume_1_or_2_with_dataset_expressions', 'dataset_produces_1', 'conditional_dataset_and_time_based_timetable', 'dataset_produces_2' retrieved from /Users/ehabhasan/.venvs/airflow310/lib/python3.10/site-packages/airflow/example_dags/example_datasets.py
[2025-08-19T17:20:36.720+0200] {logging_mixin.py:188} INFO - [2025-08-19T17:20:36.720+0200] {dag.py:3089} INFO - Sync 10 DAGs
[2025-08-19T17:20:36.727+0200] {logging_mixin.py:188} INFO - [2025-08-19T17:20:36.727+0200] {dag.py:3947} INFO - Setting next_dagrun for conditional_dataset_and_time_based_timetable to 2025-08-13 01:00:00+00:00, run_after=2025-08-13 01:00:00+00:00
[2025-08-19T17:20:36.728+0200] {logging_mixin.py:188} INFO - [2025-08-19T17:20:36.728+0200] {dag.py:3947} INFO - Setting next_dagrun for consume_1_and_2_with_dataset_expressions to None, run_after=None
[2025-08-19T17:20:36.728+0200] {logging_mixin.py:188} INFO - [2025-08-19T17:20:36.728+0200] {dag.py:3947} INFO - Setting next_dagrun for consume_1_or_2_with_dataset_expressions to None, run_after=None
[2025-08-19T17:20:36.729+0200] {logging_mixin.py:188} INFO - [2025-08-19T17:20:36.729+0200] {dag.py:3947} INFO - Setting next_dagrun for consume_1_or_both_2_and_3_with_dataset_expressions to None, run_after=None
[2025-08-19T17:20:36.729+0200] {logging_mixin.py:188} INFO - [2025-08-19T17:20:36.729+0200] {dag.py:3947} INFO - Setting next_dagrun for dataset_consumes_1 to None, run_after=None
[2025-08-19T17:20:36.729+0200] {logging_mixin.py:188} INFO - [2025-08-19T17:20:36.729+0200] {dag.py:3947} INFO - Setting next_dagrun for dataset_consumes_1_and_2 to None, run_after=None
[2025-08-19T17:20:36.730+0200] {logging_mixin.py:188} INFO - [2025-08-19T17:20:36.730+0200] {dag.py:3947} INFO - Setting next_dagrun for dataset_consumes_1_never_scheduled to None, run_after=None
[2025-08-19T17:20:36.749+0200] {logging_mixin.py:188} INFO - [2025-08-19T17:20:36.749+0200] {dag.py:3947} INFO - Setting next_dagrun for dataset_consumes_unknown_never_scheduled to None, run_after=None
[2025-08-19T17:20:36.750+0200] {logging_mixin.py:188} INFO - [2025-08-19T17:20:36.750+0200] {dag.py:3947} INFO - Setting next_dagrun for dataset_produces_1 to 2025-08-18 00:00:00+00:00, run_after=2025-08-19 00:00:00+00:00
[2025-08-19T17:20:36.750+0200] {logging_mixin.py:188} INFO - [2025-08-19T17:20:36.750+0200] {dag.py:3947} INFO - Setting next_dagrun for dataset_produces_2 to None, run_after=None
[2025-08-19T17:20:36.760+0200] {processor.py:183} INFO - Processing /Users/ehabhasan/.venvs/airflow310/lib/python3.10/site-packages/airflow/example_dags/example_datasets.py took 0.099 seconds
[2025-08-19T17:22:27.986+0200] {processor.py:161} INFO - Started process (PID=11686) to work on /Users/ehabhasan/.venvs/airflow310/lib/python3.10/site-packages/airflow/example_dags/example_datasets.py
[2025-08-19T17:22:27.986+0200] {processor.py:830} INFO - Processing file /Users/ehabhasan/.venvs/airflow310/lib/python3.10/site-packages/airflow/example_dags/example_datasets.py for tasks to queue
[2025-08-19T17:22:27.986+0200] {logging_mixin.py:188} INFO - [2025-08-19T17:22:27.986+0200] {dagbag.py:545} INFO - Filling up the DagBag from /Users/ehabhasan/.venvs/airflow310/lib/python3.10/site-packages/airflow/example_dags/example_datasets.py
[2025-08-19T17:22:28.003+0200] {processor.py:840} INFO - DAG(s) 'dataset_consumes_1_and_2', 'consume_1_or_2_with_dataset_expressions', 'consume_1_and_2_with_dataset_expressions', 'dataset_consumes_1', 'consume_1_or_both_2_and_3_with_dataset_expressions', 'conditional_dataset_and_time_based_timetable', 'dataset_consumes_1_never_scheduled', 'dataset_consumes_unknown_never_scheduled', 'dataset_produces_2', 'dataset_produces_1' retrieved from /Users/ehabhasan/.venvs/airflow310/lib/python3.10/site-packages/airflow/example_dags/example_datasets.py
[2025-08-19T17:22:28.050+0200] {logging_mixin.py:188} INFO - [2025-08-19T17:22:28.050+0200] {dag.py:3089} INFO - Sync 10 DAGs
[2025-08-19T17:22:28.058+0200] {logging_mixin.py:188} INFO - [2025-08-19T17:22:28.058+0200] {dag.py:3947} INFO - Setting next_dagrun for conditional_dataset_and_time_based_timetable to 2025-08-13 01:00:00+00:00, run_after=2025-08-13 01:00:00+00:00
[2025-08-19T17:22:28.059+0200] {logging_mixin.py:188} INFO - [2025-08-19T17:22:28.059+0200] {dag.py:3947} INFO - Setting next_dagrun for consume_1_and_2_with_dataset_expressions to None, run_after=None
[2025-08-19T17:22:28.059+0200] {logging_mixin.py:188} INFO - [2025-08-19T17:22:28.059+0200] {dag.py:3947} INFO - Setting next_dagrun for consume_1_or_2_with_dataset_expressions to None, run_after=None
[2025-08-19T17:22:28.060+0200] {logging_mixin.py:188} INFO - [2025-08-19T17:22:28.059+0200] {dag.py:3947} INFO - Setting next_dagrun for consume_1_or_both_2_and_3_with_dataset_expressions to None, run_after=None
[2025-08-19T17:22:28.060+0200] {logging_mixin.py:188} INFO - [2025-08-19T17:22:28.060+0200] {dag.py:3947} INFO - Setting next_dagrun for dataset_consumes_1 to None, run_after=None
[2025-08-19T17:22:28.060+0200] {logging_mixin.py:188} INFO - [2025-08-19T17:22:28.060+0200] {dag.py:3947} INFO - Setting next_dagrun for dataset_consumes_1_and_2 to None, run_after=None
[2025-08-19T17:22:28.060+0200] {logging_mixin.py:188} INFO - [2025-08-19T17:22:28.060+0200] {dag.py:3947} INFO - Setting next_dagrun for dataset_consumes_1_never_scheduled to None, run_after=None
[2025-08-19T17:22:28.085+0200] {logging_mixin.py:188} INFO - [2025-08-19T17:22:28.085+0200] {dag.py:3947} INFO - Setting next_dagrun for dataset_consumes_unknown_never_scheduled to None, run_after=None
[2025-08-19T17:22:28.086+0200] {logging_mixin.py:188} INFO - [2025-08-19T17:22:28.086+0200] {dag.py:3947} INFO - Setting next_dagrun for dataset_produces_1 to 2025-08-18 00:00:00+00:00, run_after=2025-08-19 00:00:00+00:00
[2025-08-19T17:22:28.087+0200] {logging_mixin.py:188} INFO - [2025-08-19T17:22:28.087+0200] {dag.py:3947} INFO - Setting next_dagrun for dataset_produces_2 to None, run_after=None
[2025-08-19T17:22:28.098+0200] {processor.py:183} INFO - Processing /Users/ehabhasan/.venvs/airflow310/lib/python3.10/site-packages/airflow/example_dags/example_datasets.py took 0.114 seconds
[2025-08-19T17:24:13.645+0200] {processor.py:161} INFO - Started process (PID=11767) to work on /Users/ehabhasan/.venvs/airflow310/lib/python3.10/site-packages/airflow/example_dags/example_datasets.py
[2025-08-19T17:24:13.646+0200] {processor.py:830} INFO - Processing file /Users/ehabhasan/.venvs/airflow310/lib/python3.10/site-packages/airflow/example_dags/example_datasets.py for tasks to queue
[2025-08-19T17:24:13.646+0200] {logging_mixin.py:188} INFO - [2025-08-19T17:24:13.646+0200] {dagbag.py:545} INFO - Filling up the DagBag from /Users/ehabhasan/.venvs/airflow310/lib/python3.10/site-packages/airflow/example_dags/example_datasets.py
[2025-08-19T17:24:13.671+0200] {processor.py:840} INFO - DAG(s) 'conditional_dataset_and_time_based_timetable', 'consume_1_and_2_with_dataset_expressions', 'consume_1_or_2_with_dataset_expressions', 'dataset_produces_1', 'dataset_consumes_1_and_2', 'dataset_consumes_1_never_scheduled', 'dataset_consumes_unknown_never_scheduled', 'dataset_produces_2', 'dataset_consumes_1', 'consume_1_or_both_2_and_3_with_dataset_expressions' retrieved from /Users/ehabhasan/.venvs/airflow310/lib/python3.10/site-packages/airflow/example_dags/example_datasets.py
[2025-08-19T17:24:13.716+0200] {logging_mixin.py:188} INFO - [2025-08-19T17:24:13.715+0200] {dag.py:3089} INFO - Sync 10 DAGs
[2025-08-19T17:24:13.723+0200] {logging_mixin.py:188} INFO - [2025-08-19T17:24:13.723+0200] {dag.py:3947} INFO - Setting next_dagrun for conditional_dataset_and_time_based_timetable to 2025-08-13 01:00:00+00:00, run_after=2025-08-13 01:00:00+00:00
[2025-08-19T17:24:13.724+0200] {logging_mixin.py:188} INFO - [2025-08-19T17:24:13.724+0200] {dag.py:3947} INFO - Setting next_dagrun for consume_1_and_2_with_dataset_expressions to None, run_after=None
[2025-08-19T17:24:13.724+0200] {logging_mixin.py:188} INFO - [2025-08-19T17:24:13.724+0200] {dag.py:3947} INFO - Setting next_dagrun for consume_1_or_2_with_dataset_expressions to None, run_after=None
[2025-08-19T17:24:13.724+0200] {logging_mixin.py:188} INFO - [2025-08-19T17:24:13.724+0200] {dag.py:3947} INFO - Setting next_dagrun for consume_1_or_both_2_and_3_with_dataset_expressions to None, run_after=None
[2025-08-19T17:24:13.724+0200] {logging_mixin.py:188} INFO - [2025-08-19T17:24:13.724+0200] {dag.py:3947} INFO - Setting next_dagrun for dataset_consumes_1 to None, run_after=None
[2025-08-19T17:24:13.725+0200] {logging_mixin.py:188} INFO - [2025-08-19T17:24:13.725+0200] {dag.py:3947} INFO - Setting next_dagrun for dataset_consumes_1_and_2 to None, run_after=None
[2025-08-19T17:24:13.725+0200] {logging_mixin.py:188} INFO - [2025-08-19T17:24:13.725+0200] {dag.py:3947} INFO - Setting next_dagrun for dataset_consumes_1_never_scheduled to None, run_after=None
[2025-08-19T17:24:13.745+0200] {logging_mixin.py:188} INFO - [2025-08-19T17:24:13.745+0200] {dag.py:3947} INFO - Setting next_dagrun for dataset_consumes_unknown_never_scheduled to None, run_after=None
[2025-08-19T17:24:13.746+0200] {logging_mixin.py:188} INFO - [2025-08-19T17:24:13.746+0200] {dag.py:3947} INFO - Setting next_dagrun for dataset_produces_1 to 2025-08-18 00:00:00+00:00, run_after=2025-08-19 00:00:00+00:00
[2025-08-19T17:24:13.746+0200] {logging_mixin.py:188} INFO - [2025-08-19T17:24:13.746+0200] {dag.py:3947} INFO - Setting next_dagrun for dataset_produces_2 to None, run_after=None
[2025-08-19T17:24:13.756+0200] {processor.py:183} INFO - Processing /Users/ehabhasan/.venvs/airflow310/lib/python3.10/site-packages/airflow/example_dags/example_datasets.py took 0.113 seconds
[2025-08-19T17:26:00.141+0200] {processor.py:161} INFO - Started process (PID=11849) to work on /Users/ehabhasan/.venvs/airflow310/lib/python3.10/site-packages/airflow/example_dags/example_datasets.py
[2025-08-19T17:26:00.142+0200] {processor.py:830} INFO - Processing file /Users/ehabhasan/.venvs/airflow310/lib/python3.10/site-packages/airflow/example_dags/example_datasets.py for tasks to queue
[2025-08-19T17:26:00.142+0200] {logging_mixin.py:188} INFO - [2025-08-19T17:26:00.142+0200] {dagbag.py:545} INFO - Filling up the DagBag from /Users/ehabhasan/.venvs/airflow310/lib/python3.10/site-packages/airflow/example_dags/example_datasets.py
[2025-08-19T17:26:00.167+0200] {processor.py:840} INFO - DAG(s) 'dataset_consumes_1', 'consume_1_and_2_with_dataset_expressions', 'conditional_dataset_and_time_based_timetable', 'dataset_produces_1', 'dataset_consumes_1_never_scheduled', 'consume_1_or_2_with_dataset_expressions', 'dataset_consumes_1_and_2', 'dataset_produces_2', 'dataset_consumes_unknown_never_scheduled', 'consume_1_or_both_2_and_3_with_dataset_expressions' retrieved from /Users/ehabhasan/.venvs/airflow310/lib/python3.10/site-packages/airflow/example_dags/example_datasets.py
[2025-08-19T17:26:00.211+0200] {logging_mixin.py:188} INFO - [2025-08-19T17:26:00.210+0200] {dag.py:3089} INFO - Sync 10 DAGs
[2025-08-19T17:26:00.218+0200] {logging_mixin.py:188} INFO - [2025-08-19T17:26:00.217+0200] {dag.py:3947} INFO - Setting next_dagrun for conditional_dataset_and_time_based_timetable to 2025-08-13 01:00:00+00:00, run_after=2025-08-13 01:00:00+00:00
[2025-08-19T17:26:00.218+0200] {logging_mixin.py:188} INFO - [2025-08-19T17:26:00.218+0200] {dag.py:3947} INFO - Setting next_dagrun for consume_1_and_2_with_dataset_expressions to None, run_after=None
[2025-08-19T17:26:00.219+0200] {logging_mixin.py:188} INFO - [2025-08-19T17:26:00.219+0200] {dag.py:3947} INFO - Setting next_dagrun for consume_1_or_2_with_dataset_expressions to None, run_after=None
[2025-08-19T17:26:00.219+0200] {logging_mixin.py:188} INFO - [2025-08-19T17:26:00.219+0200] {dag.py:3947} INFO - Setting next_dagrun for consume_1_or_both_2_and_3_with_dataset_expressions to None, run_after=None
[2025-08-19T17:26:00.219+0200] {logging_mixin.py:188} INFO - [2025-08-19T17:26:00.219+0200] {dag.py:3947} INFO - Setting next_dagrun for dataset_consumes_1 to None, run_after=None
[2025-08-19T17:26:00.220+0200] {logging_mixin.py:188} INFO - [2025-08-19T17:26:00.220+0200] {dag.py:3947} INFO - Setting next_dagrun for dataset_consumes_1_and_2 to None, run_after=None
[2025-08-19T17:26:00.220+0200] {logging_mixin.py:188} INFO - [2025-08-19T17:26:00.220+0200] {dag.py:3947} INFO - Setting next_dagrun for dataset_consumes_1_never_scheduled to None, run_after=None
[2025-08-19T17:26:00.240+0200] {logging_mixin.py:188} INFO - [2025-08-19T17:26:00.240+0200] {dag.py:3947} INFO - Setting next_dagrun for dataset_consumes_unknown_never_scheduled to None, run_after=None
[2025-08-19T17:26:00.241+0200] {logging_mixin.py:188} INFO - [2025-08-19T17:26:00.240+0200] {dag.py:3947} INFO - Setting next_dagrun for dataset_produces_1 to 2025-08-18 00:00:00+00:00, run_after=2025-08-19 00:00:00+00:00
[2025-08-19T17:26:00.241+0200] {logging_mixin.py:188} INFO - [2025-08-19T17:26:00.241+0200] {dag.py:3947} INFO - Setting next_dagrun for dataset_produces_2 to None, run_after=None
[2025-08-19T17:26:00.251+0200] {processor.py:183} INFO - Processing /Users/ehabhasan/.venvs/airflow310/lib/python3.10/site-packages/airflow/example_dags/example_datasets.py took 0.112 seconds
[2025-08-19T17:27:50.025+0200] {processor.py:161} INFO - Started process (PID=11928) to work on /Users/ehabhasan/.venvs/airflow310/lib/python3.10/site-packages/airflow/example_dags/example_datasets.py
[2025-08-19T17:27:50.026+0200] {processor.py:830} INFO - Processing file /Users/ehabhasan/.venvs/airflow310/lib/python3.10/site-packages/airflow/example_dags/example_datasets.py for tasks to queue
[2025-08-19T17:27:50.026+0200] {logging_mixin.py:188} INFO - [2025-08-19T17:27:50.026+0200] {dagbag.py:545} INFO - Filling up the DagBag from /Users/ehabhasan/.venvs/airflow310/lib/python3.10/site-packages/airflow/example_dags/example_datasets.py
[2025-08-19T17:27:50.051+0200] {processor.py:840} INFO - DAG(s) 'dataset_consumes_1_never_scheduled', 'dataset_consumes_1', 'dataset_produces_1', 'dataset_consumes_unknown_never_scheduled', 'dataset_consumes_1_and_2', 'conditional_dataset_and_time_based_timetable', 'consume_1_and_2_with_dataset_expressions', 'dataset_produces_2', 'consume_1_or_2_with_dataset_expressions', 'consume_1_or_both_2_and_3_with_dataset_expressions' retrieved from /Users/ehabhasan/.venvs/airflow310/lib/python3.10/site-packages/airflow/example_dags/example_datasets.py
[2025-08-19T17:27:50.097+0200] {logging_mixin.py:188} INFO - [2025-08-19T17:27:50.097+0200] {dag.py:3089} INFO - Sync 10 DAGs
[2025-08-19T17:27:50.104+0200] {logging_mixin.py:188} INFO - [2025-08-19T17:27:50.104+0200] {dag.py:3947} INFO - Setting next_dagrun for conditional_dataset_and_time_based_timetable to 2025-08-13 01:00:00+00:00, run_after=2025-08-13 01:00:00+00:00
[2025-08-19T17:27:50.105+0200] {logging_mixin.py:188} INFO - [2025-08-19T17:27:50.105+0200] {dag.py:3947} INFO - Setting next_dagrun for consume_1_and_2_with_dataset_expressions to None, run_after=None
[2025-08-19T17:27:50.106+0200] {logging_mixin.py:188} INFO - [2025-08-19T17:27:50.106+0200] {dag.py:3947} INFO - Setting next_dagrun for consume_1_or_2_with_dataset_expressions to None, run_after=None
[2025-08-19T17:27:50.106+0200] {logging_mixin.py:188} INFO - [2025-08-19T17:27:50.106+0200] {dag.py:3947} INFO - Setting next_dagrun for consume_1_or_both_2_and_3_with_dataset_expressions to None, run_after=None
[2025-08-19T17:27:50.106+0200] {logging_mixin.py:188} INFO - [2025-08-19T17:27:50.106+0200] {dag.py:3947} INFO - Setting next_dagrun for dataset_consumes_1 to None, run_after=None
[2025-08-19T17:27:50.107+0200] {logging_mixin.py:188} INFO - [2025-08-19T17:27:50.107+0200] {dag.py:3947} INFO - Setting next_dagrun for dataset_consumes_1_and_2 to None, run_after=None
[2025-08-19T17:27:50.127+0200] {logging_mixin.py:188} INFO - [2025-08-19T17:27:50.127+0200] {dag.py:3947} INFO - Setting next_dagrun for dataset_consumes_1_never_scheduled to None, run_after=None
[2025-08-19T17:27:50.128+0200] {logging_mixin.py:188} INFO - [2025-08-19T17:27:50.128+0200] {dag.py:3947} INFO - Setting next_dagrun for dataset_consumes_unknown_never_scheduled to None, run_after=None
[2025-08-19T17:27:50.128+0200] {logging_mixin.py:188} INFO - [2025-08-19T17:27:50.128+0200] {dag.py:3947} INFO - Setting next_dagrun for dataset_produces_1 to 2025-08-18 00:00:00+00:00, run_after=2025-08-19 00:00:00+00:00
[2025-08-19T17:27:50.129+0200] {logging_mixin.py:188} INFO - [2025-08-19T17:27:50.129+0200] {dag.py:3947} INFO - Setting next_dagrun for dataset_produces_2 to None, run_after=None
[2025-08-19T17:27:50.139+0200] {processor.py:183} INFO - Processing /Users/ehabhasan/.venvs/airflow310/lib/python3.10/site-packages/airflow/example_dags/example_datasets.py took 0.116 seconds
[2025-08-19T17:29:40.538+0200] {processor.py:161} INFO - Started process (PID=12015) to work on /Users/ehabhasan/.venvs/airflow310/lib/python3.10/site-packages/airflow/example_dags/example_datasets.py
[2025-08-19T17:29:40.538+0200] {processor.py:830} INFO - Processing file /Users/ehabhasan/.venvs/airflow310/lib/python3.10/site-packages/airflow/example_dags/example_datasets.py for tasks to queue
[2025-08-19T17:29:40.539+0200] {logging_mixin.py:188} INFO - [2025-08-19T17:29:40.538+0200] {dagbag.py:545} INFO - Filling up the DagBag from /Users/ehabhasan/.venvs/airflow310/lib/python3.10/site-packages/airflow/example_dags/example_datasets.py
[2025-08-19T17:29:40.554+0200] {processor.py:840} INFO - DAG(s) 'dataset_consumes_1_and_2', 'dataset_consumes_1', 'consume_1_or_both_2_and_3_with_dataset_expressions', 'dataset_produces_1', 'consume_1_or_2_with_dataset_expressions', 'dataset_consumes_1_never_scheduled', 'dataset_consumes_unknown_never_scheduled', 'consume_1_and_2_with_dataset_expressions', 'conditional_dataset_and_time_based_timetable', 'dataset_produces_2' retrieved from /Users/ehabhasan/.venvs/airflow310/lib/python3.10/site-packages/airflow/example_dags/example_datasets.py
[2025-08-19T17:29:40.598+0200] {logging_mixin.py:188} INFO - [2025-08-19T17:29:40.598+0200] {dag.py:3089} INFO - Sync 10 DAGs
[2025-08-19T17:29:40.605+0200] {logging_mixin.py:188} INFO - [2025-08-19T17:29:40.605+0200] {dag.py:3947} INFO - Setting next_dagrun for conditional_dataset_and_time_based_timetable to 2025-08-13 01:00:00+00:00, run_after=2025-08-13 01:00:00+00:00
[2025-08-19T17:29:40.606+0200] {logging_mixin.py:188} INFO - [2025-08-19T17:29:40.606+0200] {dag.py:3947} INFO - Setting next_dagrun for consume_1_and_2_with_dataset_expressions to None, run_after=None
[2025-08-19T17:29:40.606+0200] {logging_mixin.py:188} INFO - [2025-08-19T17:29:40.606+0200] {dag.py:3947} INFO - Setting next_dagrun for consume_1_or_2_with_dataset_expressions to None, run_after=None
[2025-08-19T17:29:40.606+0200] {logging_mixin.py:188} INFO - [2025-08-19T17:29:40.606+0200] {dag.py:3947} INFO - Setting next_dagrun for consume_1_or_both_2_and_3_with_dataset_expressions to None, run_after=None
[2025-08-19T17:29:40.607+0200] {logging_mixin.py:188} INFO - [2025-08-19T17:29:40.607+0200] {dag.py:3947} INFO - Setting next_dagrun for dataset_consumes_1 to None, run_after=None
[2025-08-19T17:29:40.607+0200] {logging_mixin.py:188} INFO - [2025-08-19T17:29:40.607+0200] {dag.py:3947} INFO - Setting next_dagrun for dataset_consumes_1_and_2 to None, run_after=None
[2025-08-19T17:29:40.607+0200] {logging_mixin.py:188} INFO - [2025-08-19T17:29:40.607+0200] {dag.py:3947} INFO - Setting next_dagrun for dataset_consumes_1_never_scheduled to None, run_after=None
[2025-08-19T17:29:40.627+0200] {logging_mixin.py:188} INFO - [2025-08-19T17:29:40.627+0200] {dag.py:3947} INFO - Setting next_dagrun for dataset_consumes_unknown_never_scheduled to None, run_after=None
[2025-08-19T17:29:40.628+0200] {logging_mixin.py:188} INFO - [2025-08-19T17:29:40.628+0200] {dag.py:3947} INFO - Setting next_dagrun for dataset_produces_1 to 2025-08-18 00:00:00+00:00, run_after=2025-08-19 00:00:00+00:00
[2025-08-19T17:29:40.629+0200] {logging_mixin.py:188} INFO - [2025-08-19T17:29:40.629+0200] {dag.py:3947} INFO - Setting next_dagrun for dataset_produces_2 to None, run_after=None
[2025-08-19T17:29:40.639+0200] {processor.py:183} INFO - Processing /Users/ehabhasan/.venvs/airflow310/lib/python3.10/site-packages/airflow/example_dags/example_datasets.py took 0.102 seconds
[2025-08-19T17:31:31.474+0200] {processor.py:161} INFO - Started process (PID=13940) to work on /Users/ehabhasan/.venvs/airflow310/lib/python3.10/site-packages/airflow/example_dags/example_datasets.py
[2025-08-19T17:31:31.475+0200] {processor.py:830} INFO - Processing file /Users/ehabhasan/.venvs/airflow310/lib/python3.10/site-packages/airflow/example_dags/example_datasets.py for tasks to queue
[2025-08-19T17:31:31.476+0200] {logging_mixin.py:188} INFO - [2025-08-19T17:31:31.476+0200] {dagbag.py:545} INFO - Filling up the DagBag from /Users/ehabhasan/.venvs/airflow310/lib/python3.10/site-packages/airflow/example_dags/example_datasets.py
[2025-08-19T17:31:31.500+0200] {processor.py:840} INFO - DAG(s) 'dataset_produces_1', 'dataset_consumes_1_never_scheduled', 'conditional_dataset_and_time_based_timetable', 'consume_1_or_both_2_and_3_with_dataset_expressions', 'consume_1_and_2_with_dataset_expressions', 'consume_1_or_2_with_dataset_expressions', 'dataset_consumes_1', 'dataset_consumes_unknown_never_scheduled', 'dataset_produces_2', 'dataset_consumes_1_and_2' retrieved from /Users/ehabhasan/.venvs/airflow310/lib/python3.10/site-packages/airflow/example_dags/example_datasets.py
[2025-08-19T17:31:31.543+0200] {logging_mixin.py:188} INFO - [2025-08-19T17:31:31.543+0200] {dag.py:3089} INFO - Sync 10 DAGs
[2025-08-19T17:31:31.550+0200] {logging_mixin.py:188} INFO - [2025-08-19T17:31:31.550+0200] {dag.py:3947} INFO - Setting next_dagrun for conditional_dataset_and_time_based_timetable to 2025-08-13 01:00:00+00:00, run_after=2025-08-13 01:00:00+00:00
[2025-08-19T17:31:31.551+0200] {logging_mixin.py:188} INFO - [2025-08-19T17:31:31.551+0200] {dag.py:3947} INFO - Setting next_dagrun for consume_1_and_2_with_dataset_expressions to None, run_after=None
[2025-08-19T17:31:31.552+0200] {logging_mixin.py:188} INFO - [2025-08-19T17:31:31.551+0200] {dag.py:3947} INFO - Setting next_dagrun for consume_1_or_2_with_dataset_expressions to None, run_after=None
[2025-08-19T17:31:31.552+0200] {logging_mixin.py:188} INFO - [2025-08-19T17:31:31.552+0200] {dag.py:3947} INFO - Setting next_dagrun for consume_1_or_both_2_and_3_with_dataset_expressions to None, run_after=None
[2025-08-19T17:31:31.552+0200] {logging_mixin.py:188} INFO - [2025-08-19T17:31:31.552+0200] {dag.py:3947} INFO - Setting next_dagrun for dataset_consumes_1 to None, run_after=None
[2025-08-19T17:31:31.552+0200] {logging_mixin.py:188} INFO - [2025-08-19T17:31:31.552+0200] {dag.py:3947} INFO - Setting next_dagrun for dataset_consumes_1_and_2 to None, run_after=None
[2025-08-19T17:31:31.553+0200] {logging_mixin.py:188} INFO - [2025-08-19T17:31:31.553+0200] {dag.py:3947} INFO - Setting next_dagrun for dataset_consumes_1_never_scheduled to None, run_after=None
[2025-08-19T17:31:31.573+0200] {logging_mixin.py:188} INFO - [2025-08-19T17:31:31.572+0200] {dag.py:3947} INFO - Setting next_dagrun for dataset_consumes_unknown_never_scheduled to None, run_after=None
[2025-08-19T17:31:31.573+0200] {logging_mixin.py:188} INFO - [2025-08-19T17:31:31.573+0200] {dag.py:3947} INFO - Setting next_dagrun for dataset_produces_1 to 2025-08-18 00:00:00+00:00, run_after=2025-08-19 00:00:00+00:00
[2025-08-19T17:31:31.574+0200] {logging_mixin.py:188} INFO - [2025-08-19T17:31:31.574+0200] {dag.py:3947} INFO - Setting next_dagrun for dataset_produces_2 to None, run_after=None
[2025-08-19T17:31:31.584+0200] {processor.py:183} INFO - Processing /Users/ehabhasan/.venvs/airflow310/lib/python3.10/site-packages/airflow/example_dags/example_datasets.py took 0.111 seconds
[2025-08-19T17:33:23.018+0200] {processor.py:161} INFO - Started process (PID=14198) to work on /Users/ehabhasan/.venvs/airflow310/lib/python3.10/site-packages/airflow/example_dags/example_datasets.py
[2025-08-19T17:33:23.018+0200] {processor.py:830} INFO - Processing file /Users/ehabhasan/.venvs/airflow310/lib/python3.10/site-packages/airflow/example_dags/example_datasets.py for tasks to queue
[2025-08-19T17:33:23.018+0200] {logging_mixin.py:188} INFO - [2025-08-19T17:33:23.018+0200] {dagbag.py:545} INFO - Filling up the DagBag from /Users/ehabhasan/.venvs/airflow310/lib/python3.10/site-packages/airflow/example_dags/example_datasets.py
[2025-08-19T17:33:23.033+0200] {processor.py:840} INFO - DAG(s) 'dataset_consumes_1_and_2', 'conditional_dataset_and_time_based_timetable', 'dataset_consumes_unknown_never_scheduled', 'dataset_consumes_1_never_scheduled', 'consume_1_or_2_with_dataset_expressions', 'consume_1_and_2_with_dataset_expressions', 'dataset_produces_2', 'dataset_consumes_1', 'dataset_produces_1', 'consume_1_or_both_2_and_3_with_dataset_expressions' retrieved from /Users/ehabhasan/.venvs/airflow310/lib/python3.10/site-packages/airflow/example_dags/example_datasets.py
[2025-08-19T17:33:23.076+0200] {logging_mixin.py:188} INFO - [2025-08-19T17:33:23.076+0200] {dag.py:3089} INFO - Sync 10 DAGs
[2025-08-19T17:33:23.083+0200] {logging_mixin.py:188} INFO - [2025-08-19T17:33:23.083+0200] {dag.py:3947} INFO - Setting next_dagrun for conditional_dataset_and_time_based_timetable to 2025-08-13 01:00:00+00:00, run_after=2025-08-13 01:00:00+00:00
[2025-08-19T17:33:23.084+0200] {logging_mixin.py:188} INFO - [2025-08-19T17:33:23.084+0200] {dag.py:3947} INFO - Setting next_dagrun for consume_1_and_2_with_dataset_expressions to None, run_after=None
[2025-08-19T17:33:23.085+0200] {logging_mixin.py:188} INFO - [2025-08-19T17:33:23.085+0200] {dag.py:3947} INFO - Setting next_dagrun for consume_1_or_2_with_dataset_expressions to None, run_after=None
[2025-08-19T17:33:23.085+0200] {logging_mixin.py:188} INFO - [2025-08-19T17:33:23.085+0200] {dag.py:3947} INFO - Setting next_dagrun for consume_1_or_both_2_and_3_with_dataset_expressions to None, run_after=None
[2025-08-19T17:33:23.085+0200] {logging_mixin.py:188} INFO - [2025-08-19T17:33:23.085+0200] {dag.py:3947} INFO - Setting next_dagrun for dataset_consumes_1 to None, run_after=None
[2025-08-19T17:33:23.086+0200] {logging_mixin.py:188} INFO - [2025-08-19T17:33:23.085+0200] {dag.py:3947} INFO - Setting next_dagrun for dataset_consumes_1_and_2 to None, run_after=None
[2025-08-19T17:33:23.105+0200] {logging_mixin.py:188} INFO - [2025-08-19T17:33:23.105+0200] {dag.py:3947} INFO - Setting next_dagrun for dataset_consumes_1_never_scheduled to None, run_after=None
[2025-08-19T17:33:23.106+0200] {logging_mixin.py:188} INFO - [2025-08-19T17:33:23.106+0200] {dag.py:3947} INFO - Setting next_dagrun for dataset_consumes_unknown_never_scheduled to None, run_after=None
[2025-08-19T17:33:23.107+0200] {logging_mixin.py:188} INFO - [2025-08-19T17:33:23.107+0200] {dag.py:3947} INFO - Setting next_dagrun for dataset_produces_1 to 2025-08-18 00:00:00+00:00, run_after=2025-08-19 00:00:00+00:00
[2025-08-19T17:33:23.107+0200] {logging_mixin.py:188} INFO - [2025-08-19T17:33:23.107+0200] {dag.py:3947} INFO - Setting next_dagrun for dataset_produces_2 to None, run_after=None
[2025-08-19T17:33:23.117+0200] {processor.py:183} INFO - Processing /Users/ehabhasan/.venvs/airflow310/lib/python3.10/site-packages/airflow/example_dags/example_datasets.py took 0.101 seconds
[2025-08-19T17:35:07.743+0200] {processor.py:161} INFO - Started process (PID=14381) to work on /Users/ehabhasan/.venvs/airflow310/lib/python3.10/site-packages/airflow/example_dags/example_datasets.py
[2025-08-19T17:35:07.744+0200] {processor.py:830} INFO - Processing file /Users/ehabhasan/.venvs/airflow310/lib/python3.10/site-packages/airflow/example_dags/example_datasets.py for tasks to queue
[2025-08-19T17:35:07.744+0200] {logging_mixin.py:188} INFO - [2025-08-19T17:35:07.744+0200] {dagbag.py:545} INFO - Filling up the DagBag from /Users/ehabhasan/.venvs/airflow310/lib/python3.10/site-packages/airflow/example_dags/example_datasets.py
[2025-08-19T17:35:07.759+0200] {processor.py:840} INFO - DAG(s) 'consume_1_and_2_with_dataset_expressions', 'dataset_produces_2', 'dataset_produces_1', 'dataset_consumes_1_and_2', 'conditional_dataset_and_time_based_timetable', 'consume_1_or_both_2_and_3_with_dataset_expressions', 'dataset_consumes_unknown_never_scheduled', 'consume_1_or_2_with_dataset_expressions', 'dataset_consumes_1', 'dataset_consumes_1_never_scheduled' retrieved from /Users/ehabhasan/.venvs/airflow310/lib/python3.10/site-packages/airflow/example_dags/example_datasets.py
[2025-08-19T17:35:07.803+0200] {logging_mixin.py:188} INFO - [2025-08-19T17:35:07.803+0200] {dag.py:3089} INFO - Sync 10 DAGs
[2025-08-19T17:35:07.810+0200] {logging_mixin.py:188} INFO - [2025-08-19T17:35:07.810+0200] {dag.py:3947} INFO - Setting next_dagrun for conditional_dataset_and_time_based_timetable to 2025-08-13 01:00:00+00:00, run_after=2025-08-13 01:00:00+00:00
[2025-08-19T17:35:07.811+0200] {logging_mixin.py:188} INFO - [2025-08-19T17:35:07.811+0200] {dag.py:3947} INFO - Setting next_dagrun for consume_1_and_2_with_dataset_expressions to None, run_after=None
[2025-08-19T17:35:07.812+0200] {logging_mixin.py:188} INFO - [2025-08-19T17:35:07.812+0200] {dag.py:3947} INFO - Setting next_dagrun for consume_1_or_2_with_dataset_expressions to None, run_after=None
[2025-08-19T17:35:07.812+0200] {logging_mixin.py:188} INFO - [2025-08-19T17:35:07.812+0200] {dag.py:3947} INFO - Setting next_dagrun for consume_1_or_both_2_and_3_with_dataset_expressions to None, run_after=None
[2025-08-19T17:35:07.812+0200] {logging_mixin.py:188} INFO - [2025-08-19T17:35:07.812+0200] {dag.py:3947} INFO - Setting next_dagrun for dataset_consumes_1 to None, run_after=None
[2025-08-19T17:35:07.812+0200] {logging_mixin.py:188} INFO - [2025-08-19T17:35:07.812+0200] {dag.py:3947} INFO - Setting next_dagrun for dataset_consumes_1_and_2 to None, run_after=None
[2025-08-19T17:35:07.813+0200] {logging_mixin.py:188} INFO - [2025-08-19T17:35:07.813+0200] {dag.py:3947} INFO - Setting next_dagrun for dataset_consumes_1_never_scheduled to None, run_after=None
[2025-08-19T17:35:07.833+0200] {logging_mixin.py:188} INFO - [2025-08-19T17:35:07.833+0200] {dag.py:3947} INFO - Setting next_dagrun for dataset_consumes_unknown_never_scheduled to None, run_after=None
[2025-08-19T17:35:07.834+0200] {logging_mixin.py:188} INFO - [2025-08-19T17:35:07.834+0200] {dag.py:3947} INFO - Setting next_dagrun for dataset_produces_1 to 2025-08-18 00:00:00+00:00, run_after=2025-08-19 00:00:00+00:00
[2025-08-19T17:35:07.834+0200] {logging_mixin.py:188} INFO - [2025-08-19T17:35:07.834+0200] {dag.py:3947} INFO - Setting next_dagrun for dataset_produces_2 to None, run_after=None
[2025-08-19T17:35:07.844+0200] {processor.py:183} INFO - Processing /Users/ehabhasan/.venvs/airflow310/lib/python3.10/site-packages/airflow/example_dags/example_datasets.py took 0.103 seconds
[2025-08-19T17:37:03.053+0200] {processor.py:161} INFO - Started process (PID=14520) to work on /Users/ehabhasan/.venvs/airflow310/lib/python3.10/site-packages/airflow/example_dags/example_datasets.py
[2025-08-19T17:37:03.054+0200] {processor.py:830} INFO - Processing file /Users/ehabhasan/.venvs/airflow310/lib/python3.10/site-packages/airflow/example_dags/example_datasets.py for tasks to queue
[2025-08-19T17:37:03.054+0200] {logging_mixin.py:188} INFO - [2025-08-19T17:37:03.054+0200] {dagbag.py:545} INFO - Filling up the DagBag from /Users/ehabhasan/.venvs/airflow310/lib/python3.10/site-packages/airflow/example_dags/example_datasets.py
[2025-08-19T17:37:03.069+0200] {processor.py:840} INFO - DAG(s) 'dataset_consumes_1', 'dataset_consumes_1_and_2', 'dataset_produces_1', 'conditional_dataset_and_time_based_timetable', 'consume_1_or_both_2_and_3_with_dataset_expressions', 'dataset_consumes_1_never_scheduled', 'dataset_consumes_unknown_never_scheduled', 'dataset_produces_2', 'consume_1_and_2_with_dataset_expressions', 'consume_1_or_2_with_dataset_expressions' retrieved from /Users/ehabhasan/.venvs/airflow310/lib/python3.10/site-packages/airflow/example_dags/example_datasets.py
[2025-08-19T17:37:03.112+0200] {logging_mixin.py:188} INFO - [2025-08-19T17:37:03.112+0200] {dag.py:3089} INFO - Sync 10 DAGs
[2025-08-19T17:37:03.119+0200] {logging_mixin.py:188} INFO - [2025-08-19T17:37:03.119+0200] {dag.py:3947} INFO - Setting next_dagrun for conditional_dataset_and_time_based_timetable to 2025-08-13 01:00:00+00:00, run_after=2025-08-13 01:00:00+00:00
[2025-08-19T17:37:03.120+0200] {logging_mixin.py:188} INFO - [2025-08-19T17:37:03.120+0200] {dag.py:3947} INFO - Setting next_dagrun for consume_1_and_2_with_dataset_expressions to None, run_after=None
[2025-08-19T17:37:03.120+0200] {logging_mixin.py:188} INFO - [2025-08-19T17:37:03.120+0200] {dag.py:3947} INFO - Setting next_dagrun for consume_1_or_2_with_dataset_expressions to None, run_after=None
[2025-08-19T17:37:03.121+0200] {logging_mixin.py:188} INFO - [2025-08-19T17:37:03.121+0200] {dag.py:3947} INFO - Setting next_dagrun for consume_1_or_both_2_and_3_with_dataset_expressions to None, run_after=None
[2025-08-19T17:37:03.121+0200] {logging_mixin.py:188} INFO - [2025-08-19T17:37:03.121+0200] {dag.py:3947} INFO - Setting next_dagrun for dataset_consumes_1 to None, run_after=None
[2025-08-19T17:37:03.121+0200] {logging_mixin.py:188} INFO - [2025-08-19T17:37:03.121+0200] {dag.py:3947} INFO - Setting next_dagrun for dataset_consumes_1_and_2 to None, run_after=None
[2025-08-19T17:37:03.141+0200] {logging_mixin.py:188} INFO - [2025-08-19T17:37:03.141+0200] {dag.py:3947} INFO - Setting next_dagrun for dataset_consumes_1_never_scheduled to None, run_after=None
[2025-08-19T17:37:03.141+0200] {logging_mixin.py:188} INFO - [2025-08-19T17:37:03.141+0200] {dag.py:3947} INFO - Setting next_dagrun for dataset_consumes_unknown_never_scheduled to None, run_after=None
[2025-08-19T17:37:03.142+0200] {logging_mixin.py:188} INFO - [2025-08-19T17:37:03.142+0200] {dag.py:3947} INFO - Setting next_dagrun for dataset_produces_1 to 2025-08-18 00:00:00+00:00, run_after=2025-08-19 00:00:00+00:00
[2025-08-19T17:37:03.142+0200] {logging_mixin.py:188} INFO - [2025-08-19T17:37:03.142+0200] {dag.py:3947} INFO - Setting next_dagrun for dataset_produces_2 to None, run_after=None
[2025-08-19T17:37:03.153+0200] {processor.py:183} INFO - Processing /Users/ehabhasan/.venvs/airflow310/lib/python3.10/site-packages/airflow/example_dags/example_datasets.py took 0.101 seconds
[2025-08-19T17:39:03.277+0200] {processor.py:161} INFO - Started process (PID=14743) to work on /Users/ehabhasan/.venvs/airflow310/lib/python3.10/site-packages/airflow/example_dags/example_datasets.py
[2025-08-19T17:39:03.277+0200] {processor.py:830} INFO - Processing file /Users/ehabhasan/.venvs/airflow310/lib/python3.10/site-packages/airflow/example_dags/example_datasets.py for tasks to queue
[2025-08-19T17:39:03.277+0200] {logging_mixin.py:188} INFO - [2025-08-19T17:39:03.277+0200] {dagbag.py:545} INFO - Filling up the DagBag from /Users/ehabhasan/.venvs/airflow310/lib/python3.10/site-packages/airflow/example_dags/example_datasets.py
[2025-08-19T17:39:03.292+0200] {processor.py:840} INFO - DAG(s) 'dataset_produces_1', 'dataset_consumes_1', 'conditional_dataset_and_time_based_timetable', 'dataset_consumes_1_never_scheduled', 'consume_1_or_both_2_and_3_with_dataset_expressions', 'dataset_consumes_unknown_never_scheduled', 'consume_1_and_2_with_dataset_expressions', 'dataset_produces_2', 'dataset_consumes_1_and_2', 'consume_1_or_2_with_dataset_expressions' retrieved from /Users/ehabhasan/.venvs/airflow310/lib/python3.10/site-packages/airflow/example_dags/example_datasets.py
[2025-08-19T17:39:03.335+0200] {logging_mixin.py:188} INFO - [2025-08-19T17:39:03.335+0200] {dag.py:3089} INFO - Sync 10 DAGs
[2025-08-19T17:39:03.342+0200] {logging_mixin.py:188} INFO - [2025-08-19T17:39:03.342+0200] {dag.py:3947} INFO - Setting next_dagrun for conditional_dataset_and_time_based_timetable to 2025-08-13 01:00:00+00:00, run_after=2025-08-13 01:00:00+00:00
[2025-08-19T17:39:03.343+0200] {logging_mixin.py:188} INFO - [2025-08-19T17:39:03.343+0200] {dag.py:3947} INFO - Setting next_dagrun for consume_1_and_2_with_dataset_expressions to None, run_after=None
[2025-08-19T17:39:03.343+0200] {logging_mixin.py:188} INFO - [2025-08-19T17:39:03.343+0200] {dag.py:3947} INFO - Setting next_dagrun for consume_1_or_2_with_dataset_expressions to None, run_after=None
[2025-08-19T17:39:03.344+0200] {logging_mixin.py:188} INFO - [2025-08-19T17:39:03.344+0200] {dag.py:3947} INFO - Setting next_dagrun for consume_1_or_both_2_and_3_with_dataset_expressions to None, run_after=None
[2025-08-19T17:39:03.344+0200] {logging_mixin.py:188} INFO - [2025-08-19T17:39:03.344+0200] {dag.py:3947} INFO - Setting next_dagrun for dataset_consumes_1 to None, run_after=None
[2025-08-19T17:39:03.344+0200] {logging_mixin.py:188} INFO - [2025-08-19T17:39:03.344+0200] {dag.py:3947} INFO - Setting next_dagrun for dataset_consumes_1_and_2 to None, run_after=None
[2025-08-19T17:39:03.364+0200] {logging_mixin.py:188} INFO - [2025-08-19T17:39:03.364+0200] {dag.py:3947} INFO - Setting next_dagrun for dataset_consumes_1_never_scheduled to None, run_after=None
[2025-08-19T17:39:03.365+0200] {logging_mixin.py:188} INFO - [2025-08-19T17:39:03.365+0200] {dag.py:3947} INFO - Setting next_dagrun for dataset_consumes_unknown_never_scheduled to None, run_after=None
[2025-08-19T17:39:03.365+0200] {logging_mixin.py:188} INFO - [2025-08-19T17:39:03.365+0200] {dag.py:3947} INFO - Setting next_dagrun for dataset_produces_1 to 2025-08-18 00:00:00+00:00, run_after=2025-08-19 00:00:00+00:00
[2025-08-19T17:39:03.366+0200] {logging_mixin.py:188} INFO - [2025-08-19T17:39:03.366+0200] {dag.py:3947} INFO - Setting next_dagrun for dataset_produces_2 to None, run_after=None
[2025-08-19T17:39:03.376+0200] {processor.py:183} INFO - Processing /Users/ehabhasan/.venvs/airflow310/lib/python3.10/site-packages/airflow/example_dags/example_datasets.py took 0.101 seconds
[2025-08-19T17:44:41.682+0200] {processor.py:161} INFO - Started process (PID=14923) to work on /Users/ehabhasan/.venvs/airflow310/lib/python3.10/site-packages/airflow/example_dags/example_datasets.py
[2025-08-19T17:44:41.682+0200] {processor.py:830} INFO - Processing file /Users/ehabhasan/.venvs/airflow310/lib/python3.10/site-packages/airflow/example_dags/example_datasets.py for tasks to queue
[2025-08-19T17:44:41.682+0200] {logging_mixin.py:188} INFO - [2025-08-19T17:44:41.682+0200] {dagbag.py:545} INFO - Filling up the DagBag from /Users/ehabhasan/.venvs/airflow310/lib/python3.10/site-packages/airflow/example_dags/example_datasets.py
[2025-08-19T17:44:41.707+0200] {processor.py:840} INFO - DAG(s) 'dataset_consumes_1_and_2', 'dataset_consumes_1', 'conditional_dataset_and_time_based_timetable', 'consume_1_and_2_with_dataset_expressions', 'consume_1_or_2_with_dataset_expressions', 'dataset_produces_2', 'consume_1_or_both_2_and_3_with_dataset_expressions', 'dataset_consumes_1_never_scheduled', 'dataset_consumes_unknown_never_scheduled', 'dataset_produces_1' retrieved from /Users/ehabhasan/.venvs/airflow310/lib/python3.10/site-packages/airflow/example_dags/example_datasets.py
[2025-08-19T17:44:41.751+0200] {logging_mixin.py:188} INFO - [2025-08-19T17:44:41.751+0200] {dag.py:3089} INFO - Sync 10 DAGs
[2025-08-19T17:44:41.758+0200] {logging_mixin.py:188} INFO - [2025-08-19T17:44:41.758+0200] {dag.py:3947} INFO - Setting next_dagrun for conditional_dataset_and_time_based_timetable to 2025-08-13 01:00:00+00:00, run_after=2025-08-13 01:00:00+00:00
[2025-08-19T17:44:41.759+0200] {logging_mixin.py:188} INFO - [2025-08-19T17:44:41.759+0200] {dag.py:3947} INFO - Setting next_dagrun for consume_1_and_2_with_dataset_expressions to None, run_after=None
[2025-08-19T17:44:41.760+0200] {logging_mixin.py:188} INFO - [2025-08-19T17:44:41.760+0200] {dag.py:3947} INFO - Setting next_dagrun for consume_1_or_2_with_dataset_expressions to None, run_after=None
[2025-08-19T17:44:41.760+0200] {logging_mixin.py:188} INFO - [2025-08-19T17:44:41.760+0200] {dag.py:3947} INFO - Setting next_dagrun for consume_1_or_both_2_and_3_with_dataset_expressions to None, run_after=None
[2025-08-19T17:44:41.760+0200] {logging_mixin.py:188} INFO - [2025-08-19T17:44:41.760+0200] {dag.py:3947} INFO - Setting next_dagrun for dataset_consumes_1 to None, run_after=None
[2025-08-19T17:44:41.760+0200] {logging_mixin.py:188} INFO - [2025-08-19T17:44:41.760+0200] {dag.py:3947} INFO - Setting next_dagrun for dataset_consumes_1_and_2 to None, run_after=None
[2025-08-19T17:44:41.781+0200] {logging_mixin.py:188} INFO - [2025-08-19T17:44:41.781+0200] {dag.py:3947} INFO - Setting next_dagrun for dataset_consumes_1_never_scheduled to None, run_after=None
[2025-08-19T17:44:41.781+0200] {logging_mixin.py:188} INFO - [2025-08-19T17:44:41.781+0200] {dag.py:3947} INFO - Setting next_dagrun for dataset_consumes_unknown_never_scheduled to None, run_after=None
[2025-08-19T17:44:41.782+0200] {logging_mixin.py:188} INFO - [2025-08-19T17:44:41.782+0200] {dag.py:3947} INFO - Setting next_dagrun for dataset_produces_1 to 2025-08-18 00:00:00+00:00, run_after=2025-08-19 00:00:00+00:00
[2025-08-19T17:44:41.782+0200] {logging_mixin.py:188} INFO - [2025-08-19T17:44:41.782+0200] {dag.py:3947} INFO - Setting next_dagrun for dataset_produces_2 to None, run_after=None
[2025-08-19T17:44:41.792+0200] {processor.py:183} INFO - Processing /Users/ehabhasan/.venvs/airflow310/lib/python3.10/site-packages/airflow/example_dags/example_datasets.py took 0.112 seconds
[2025-08-19T17:46:41.738+0200] {processor.py:161} INFO - Started process (PID=15030) to work on /Users/ehabhasan/.venvs/airflow310/lib/python3.10/site-packages/airflow/example_dags/example_datasets.py
[2025-08-19T17:46:41.739+0200] {processor.py:830} INFO - Processing file /Users/ehabhasan/.venvs/airflow310/lib/python3.10/site-packages/airflow/example_dags/example_datasets.py for tasks to queue
[2025-08-19T17:46:41.739+0200] {logging_mixin.py:188} INFO - [2025-08-19T17:46:41.739+0200] {dagbag.py:545} INFO - Filling up the DagBag from /Users/ehabhasan/.venvs/airflow310/lib/python3.10/site-packages/airflow/example_dags/example_datasets.py
[2025-08-19T17:46:41.753+0200] {processor.py:840} INFO - DAG(s) 'conditional_dataset_and_time_based_timetable', 'consume_1_and_2_with_dataset_expressions', 'dataset_consumes_1_and_2', 'dataset_produces_1', 'consume_1_or_2_with_dataset_expressions', 'consume_1_or_both_2_and_3_with_dataset_expressions', 'dataset_consumes_unknown_never_scheduled', 'dataset_consumes_1', 'dataset_consumes_1_never_scheduled', 'dataset_produces_2' retrieved from /Users/ehabhasan/.venvs/airflow310/lib/python3.10/site-packages/airflow/example_dags/example_datasets.py
[2025-08-19T17:46:41.796+0200] {logging_mixin.py:188} INFO - [2025-08-19T17:46:41.796+0200] {dag.py:3089} INFO - Sync 10 DAGs
[2025-08-19T17:46:41.803+0200] {logging_mixin.py:188} INFO - [2025-08-19T17:46:41.803+0200] {dag.py:3947} INFO - Setting next_dagrun for conditional_dataset_and_time_based_timetable to 2025-08-13 01:00:00+00:00, run_after=2025-08-13 01:00:00+00:00
[2025-08-19T17:46:41.804+0200] {logging_mixin.py:188} INFO - [2025-08-19T17:46:41.804+0200] {dag.py:3947} INFO - Setting next_dagrun for consume_1_and_2_with_dataset_expressions to None, run_after=None
[2025-08-19T17:46:41.805+0200] {logging_mixin.py:188} INFO - [2025-08-19T17:46:41.805+0200] {dag.py:3947} INFO - Setting next_dagrun for consume_1_or_2_with_dataset_expressions to None, run_after=None
[2025-08-19T17:46:41.805+0200] {logging_mixin.py:188} INFO - [2025-08-19T17:46:41.805+0200] {dag.py:3947} INFO - Setting next_dagrun for consume_1_or_both_2_and_3_with_dataset_expressions to None, run_after=None
[2025-08-19T17:46:41.805+0200] {logging_mixin.py:188} INFO - [2025-08-19T17:46:41.805+0200] {dag.py:3947} INFO - Setting next_dagrun for dataset_consumes_1 to None, run_after=None
[2025-08-19T17:46:41.805+0200] {logging_mixin.py:188} INFO - [2025-08-19T17:46:41.805+0200] {dag.py:3947} INFO - Setting next_dagrun for dataset_consumes_1_and_2 to None, run_after=None
[2025-08-19T17:46:41.806+0200] {logging_mixin.py:188} INFO - [2025-08-19T17:46:41.806+0200] {dag.py:3947} INFO - Setting next_dagrun for dataset_consumes_1_never_scheduled to None, run_after=None
[2025-08-19T17:46:41.825+0200] {logging_mixin.py:188} INFO - [2025-08-19T17:46:41.825+0200] {dag.py:3947} INFO - Setting next_dagrun for dataset_consumes_unknown_never_scheduled to None, run_after=None
[2025-08-19T17:46:41.826+0200] {logging_mixin.py:188} INFO - [2025-08-19T17:46:41.826+0200] {dag.py:3947} INFO - Setting next_dagrun for dataset_produces_1 to 2025-08-18 00:00:00+00:00, run_after=2025-08-19 00:00:00+00:00
[2025-08-19T17:46:41.827+0200] {logging_mixin.py:188} INFO - [2025-08-19T17:46:41.827+0200] {dag.py:3947} INFO - Setting next_dagrun for dataset_produces_2 to None, run_after=None
[2025-08-19T17:46:41.837+0200] {processor.py:183} INFO - Processing /Users/ehabhasan/.venvs/airflow310/lib/python3.10/site-packages/airflow/example_dags/example_datasets.py took 0.100 seconds
[2025-08-19T17:48:40.923+0200] {processor.py:161} INFO - Started process (PID=15122) to work on /Users/ehabhasan/.venvs/airflow310/lib/python3.10/site-packages/airflow/example_dags/example_datasets.py
[2025-08-19T17:48:40.923+0200] {processor.py:830} INFO - Processing file /Users/ehabhasan/.venvs/airflow310/lib/python3.10/site-packages/airflow/example_dags/example_datasets.py for tasks to queue
[2025-08-19T17:48:40.923+0200] {logging_mixin.py:188} INFO - [2025-08-19T17:48:40.923+0200] {dagbag.py:545} INFO - Filling up the DagBag from /Users/ehabhasan/.venvs/airflow310/lib/python3.10/site-packages/airflow/example_dags/example_datasets.py
[2025-08-19T17:48:40.937+0200] {processor.py:840} INFO - DAG(s) 'dataset_produces_1', 'conditional_dataset_and_time_based_timetable', 'dataset_consumes_unknown_never_scheduled', 'consume_1_or_both_2_and_3_with_dataset_expressions', 'dataset_consumes_1_never_scheduled', 'dataset_produces_2', 'consume_1_or_2_with_dataset_expressions', 'dataset_consumes_1_and_2', 'dataset_consumes_1', 'consume_1_and_2_with_dataset_expressions' retrieved from /Users/ehabhasan/.venvs/airflow310/lib/python3.10/site-packages/airflow/example_dags/example_datasets.py
[2025-08-19T17:48:40.983+0200] {logging_mixin.py:188} INFO - [2025-08-19T17:48:40.983+0200] {dag.py:3089} INFO - Sync 10 DAGs
[2025-08-19T17:48:40.990+0200] {logging_mixin.py:188} INFO - [2025-08-19T17:48:40.990+0200] {dag.py:3947} INFO - Setting next_dagrun for conditional_dataset_and_time_based_timetable to 2025-08-13 01:00:00+00:00, run_after=2025-08-13 01:00:00+00:00
[2025-08-19T17:48:40.991+0200] {logging_mixin.py:188} INFO - [2025-08-19T17:48:40.991+0200] {dag.py:3947} INFO - Setting next_dagrun for consume_1_and_2_with_dataset_expressions to None, run_after=None
[2025-08-19T17:48:40.991+0200] {logging_mixin.py:188} INFO - [2025-08-19T17:48:40.991+0200] {dag.py:3947} INFO - Setting next_dagrun for consume_1_or_2_with_dataset_expressions to None, run_after=None
[2025-08-19T17:48:40.992+0200] {logging_mixin.py:188} INFO - [2025-08-19T17:48:40.992+0200] {dag.py:3947} INFO - Setting next_dagrun for consume_1_or_both_2_and_3_with_dataset_expressions to None, run_after=None
[2025-08-19T17:48:40.992+0200] {logging_mixin.py:188} INFO - [2025-08-19T17:48:40.992+0200] {dag.py:3947} INFO - Setting next_dagrun for dataset_consumes_1 to None, run_after=None
[2025-08-19T17:48:40.992+0200] {logging_mixin.py:188} INFO - [2025-08-19T17:48:40.992+0200] {dag.py:3947} INFO - Setting next_dagrun for dataset_consumes_1_and_2 to None, run_after=None
[2025-08-19T17:48:40.992+0200] {logging_mixin.py:188} INFO - [2025-08-19T17:48:40.992+0200] {dag.py:3947} INFO - Setting next_dagrun for dataset_consumes_1_never_scheduled to None, run_after=None
[2025-08-19T17:48:41.013+0200] {logging_mixin.py:188} INFO - [2025-08-19T17:48:41.013+0200] {dag.py:3947} INFO - Setting next_dagrun for dataset_consumes_unknown_never_scheduled to None, run_after=None
[2025-08-19T17:48:41.013+0200] {logging_mixin.py:188} INFO - [2025-08-19T17:48:41.013+0200] {dag.py:3947} INFO - Setting next_dagrun for dataset_produces_1 to 2025-08-18 00:00:00+00:00, run_after=2025-08-19 00:00:00+00:00
[2025-08-19T17:48:41.014+0200] {logging_mixin.py:188} INFO - [2025-08-19T17:48:41.014+0200] {dag.py:3947} INFO - Setting next_dagrun for dataset_produces_2 to None, run_after=None
[2025-08-19T17:48:41.024+0200] {processor.py:183} INFO - Processing /Users/ehabhasan/.venvs/airflow310/lib/python3.10/site-packages/airflow/example_dags/example_datasets.py took 0.103 seconds
